"LOCATION","INDICATOR","SUBJECT","MEASURE","FREQUENCY","TIME","Value","Flag Codes"
"MEX","CROPYIELD","SOYBEAN","THND_TONNE","A","1990",575,
"MEX","CROPYIELD","SOYBEAN","THND_TONNE","A","1991",724.969,
"MEX","CROPYIELD","SOYBEAN","THND_TONNE","A","1992",593.54,
"MEX","CROPYIELD","SOYBEAN","THND_TONNE","A","1993",497.566,
"MEX","CROPYIELD","SOYBEAN","THND_TONNE","A","1994",522.583,
"MEX","CROPYIELD","SOYBEAN","THND_TONNE","A","1995",189.774,
"MEX","CROPYIELD","SOYBEAN","THND_TONNE","A","1996",56.074,
"MEX","CROPYIELD","SOYBEAN","THND_TONNE","A","1997",184.526,
"MEX","CROPYIELD","SOYBEAN","THND_TONNE","A","1998",150.3,
"MEX","CROPYIELD","SOYBEAN","THND_TONNE","A","1999",132.819,
"MEX","CROPYIELD","SOYBEAN","THND_TONNE","A","2000",102.4,
"MEX","CROPYIELD","SOYBEAN","THND_TONNE","A","2001",121.8,
"MEX","CROPYIELD","SOYBEAN","THND_TONNE","A","2002",86.5,
"MEX","CROPYIELD","SOYBEAN","THND_TONNE","A","2003",126.006,
"MEX","CROPYIELD","SOYBEAN","THND_TONNE","A","2004",133.347,
"MEX","CROPYIELD","SOYBEAN","THND_TONNE","A","2005",187.017,
"MEX","CROPYIELD","SOYBEAN","THND_TONNE","A","2006",81.113,
"MEX","CROPYIELD","SOYBEAN","THND_TONNE","A","2007",88.371,
"MEX","CROPYIELD","SOYBEAN","THND_TONNE","A","2008",153.022,
"MEX","CROPYIELD","SOYBEAN","THND_TONNE","A","2009",120.942,
"MEX","CROPYIELD","SOYBEAN","THND_TONNE","A","2010",167.666,
"MEX","CROPYIELD","SOYBEAN","THND_TONNE","A","2011",205.234,
"MEX","CROPYIELD","SOYBEAN","THND_TONNE","A","2012",247.5,
"MEX","CROPYIELD","SOYBEAN","THND_TONNE","A","2013",239.248,
"MEX","CROPYIELD","SOYBEAN","THND_TONNE","A","2014",387.367,
"MEX","CROPYIELD","SOYBEAN","THND_TONNE","A","2015",341.088,
"MEX","CROPYIELD","SOYBEAN","THND_TONNE","A","2016",509.114,
"MEX","CROPYIELD","SOYBEAN","THND_TONNE","A","2017",432.928,
"MEX","CROPYIELD","SOYBEAN","THND_TONNE","A","2018",324.011,
"MEX","CROPYIELD","SOYBEAN","THND_TONNE","A","2019",432.014,
"CAN","CROPYIELD","SOYBEAN","THND_TONNE","A","1990",1262.1,
"CAN","CROPYIELD","SOYBEAN","THND_TONNE","A","1991",1459.9,
"CAN","CROPYIELD","SOYBEAN","THND_TONNE","A","1992",1453.3,
"CAN","CROPYIELD","SOYBEAN","THND_TONNE","A","1993",1944.9,
"CAN","CROPYIELD","SOYBEAN","THND_TONNE","A","1994",2253.7,
"CAN","CROPYIELD","SOYBEAN","THND_TONNE","A","1995",2297.5,
"CAN","CROPYIELD","SOYBEAN","THND_TONNE","A","1996",2169.5,
"CAN","CROPYIELD","SOYBEAN","THND_TONNE","A","1997",2737.7,
"CAN","CROPYIELD","SOYBEAN","THND_TONNE","A","1998",2736.6,
"CAN","CROPYIELD","SOYBEAN","THND_TONNE","A","1999",2780.9,
"CAN","CROPYIELD","SOYBEAN","THND_TONNE","A","2000",2703,
"CAN","CROPYIELD","SOYBEAN","THND_TONNE","A","2001",1635.2,
"CAN","CROPYIELD","SOYBEAN","THND_TONNE","A","2002",2335.7,
"CAN","CROPYIELD","SOYBEAN","THND_TONNE","A","2003",2273.3,
"CAN","CROPYIELD","SOYBEAN","THND_TONNE","A","2004",3043.9,
"CAN","CROPYIELD","SOYBEAN","THND_TONNE","A","2005",3155.6,
"CAN","CROPYIELD","SOYBEAN","THND_TONNE","A","2006",3465.5,
"CAN","CROPYIELD","SOYBEAN","THND_TONNE","A","2007",2695.7,
"CAN","CROPYIELD","SOYBEAN","THND_TONNE","A","2008",3335.9,
"CAN","CROPYIELD","SOYBEAN","THND_TONNE","A","2009",3581.6,
"CAN","CROPYIELD","SOYBEAN","THND_TONNE","A","2010",4444.6,
"CAN","CROPYIELD","SOYBEAN","THND_TONNE","A","2011",4466.5,
"CAN","CROPYIELD","SOYBEAN","THND_TONNE","A","2012",5086.4,
"CAN","CROPYIELD","SOYBEAN","THND_TONNE","A","2013",5355.9,
"CAN","CROPYIELD","SOYBEAN","THND_TONNE","A","2014",6044.8,
"CAN","CROPYIELD","SOYBEAN","THND_TONNE","A","2015",6456.3,
"CAN","CROPYIELD","SOYBEAN","THND_TONNE","A","2016",6596.5,
"CAN","CROPYIELD","SOYBEAN","THND_TONNE","A","2017",7716.6,
"CAN","CROPYIELD","SOYBEAN","THND_TONNE","A","2018",7416.6,
"CAN","CROPYIELD","SOYBEAN","THND_TONNE","A","2019",5996.448,
"PAK","CROPYIELD","SOYBEAN","THND_TONNE","A","1990",0,
"PAK","CROPYIELD","SOYBEAN","THND_TONNE","A","1991",1.327,
"PAK","CROPYIELD","SOYBEAN","THND_TONNE","A","1992",2.355,
"PAK","CROPYIELD","SOYBEAN","THND_TONNE","A","1993",5.268,
"PAK","CROPYIELD","SOYBEAN","THND_TONNE","A","1994",7.228,
"PAK","CROPYIELD","SOYBEAN","THND_TONNE","A","1995",2.694,
"PAK","CROPYIELD","SOYBEAN","THND_TONNE","A","1996",7.311,
"PAK","CROPYIELD","SOYBEAN","THND_TONNE","A","1997",9,
"PAK","CROPYIELD","SOYBEAN","THND_TONNE","A","1998",9,
"PAK","CROPYIELD","SOYBEAN","THND_TONNE","A","1999",9,
"PAK","CROPYIELD","SOYBEAN","THND_TONNE","A","2000",9,
"PAK","CROPYIELD","SOYBEAN","THND_TONNE","A","2001",9,
"PAK","CROPYIELD","SOYBEAN","THND_TONNE","A","2002",9,
"PAK","CROPYIELD","SOYBEAN","THND_TONNE","A","2003",9,
"PAK","CROPYIELD","SOYBEAN","THND_TONNE","A","2004",9,
"PAK","CROPYIELD","SOYBEAN","THND_TONNE","A","2005",9,
"PAK","CROPYIELD","SOYBEAN","THND_TONNE","A","2006",9,
"PAK","CROPYIELD","SOYBEAN","THND_TONNE","A","2007",9,
"PAK","CROPYIELD","SOYBEAN","THND_TONNE","A","2008",9,
"PAK","CROPYIELD","SOYBEAN","THND_TONNE","A","2009",9,
"PAK","CROPYIELD","SOYBEAN","THND_TONNE","A","2010",9,
"PAK","CROPYIELD","SOYBEAN","THND_TONNE","A","2011",9,
"PAK","CROPYIELD","SOYBEAN","THND_TONNE","A","2012",4,
"PAK","CROPYIELD","SOYBEAN","THND_TONNE","A","2013",4,
"PAK","CROPYIELD","SOYBEAN","THND_TONNE","A","2014",10,
"PAK","CROPYIELD","SOYBEAN","THND_TONNE","A","2015",4,
"PAK","CROPYIELD","SOYBEAN","THND_TONNE","A","2016",2,
"PAK","CROPYIELD","SOYBEAN","THND_TONNE","A","2017",2,
"PAK","CROPYIELD","SOYBEAN","THND_TONNE","A","2018",2,
"PAK","CROPYIELD","SOYBEAN","THND_TONNE","A","2019",2,
"BRICS","CROPYIELD","SOYBEAN","THND_TONNE","A","1990",20135.93,
"BRICS","CROPYIELD","SOYBEAN","THND_TONNE","A","1991",35934.3,
"BRICS","CROPYIELD","SOYBEAN","THND_TONNE","A","1992",39323.191,
"BRICS","CROPYIELD","SOYBEAN","THND_TONNE","A","1993",46550.826,
"BRICS","CROPYIELD","SOYBEAN","THND_TONNE","A","1994",43600.774,
"BRICS","CROPYIELD","SOYBEAN","THND_TONNE","A","1995",42030.114,
"BRICS","CROPYIELD","SOYBEAN","THND_TONNE","A","1996",45224.529,
"BRICS","CROPYIELD","SOYBEAN","THND_TONNE","A","1997",51728.436,
"BRICS","CROPYIELD","SOYBEAN","THND_TONNE","A","1998",51713.031,
"BRICS","CROPYIELD","SOYBEAN","THND_TONNE","A","1999",52264.996,
"BRICS","CROPYIELD","SOYBEAN","THND_TONNE","A","2000",59342.554,
"BRICS","CROPYIELD","SOYBEAN","THND_TONNE","A","2001",63233.535,
"BRICS","CROPYIELD","SOYBEAN","THND_TONNE","A","2002",73449.03,
"BRICS","CROPYIELD","SOYBEAN","THND_TONNE","A","2003",72596.177,
"BRICS","CROPYIELD","SOYBEAN","THND_TONNE","A","2004",77362.836,
"BRICS","CROPYIELD","SOYBEAN","THND_TONNE","A","2005",80606.199,
"BRICS","CROPYIELD","SOYBEAN","THND_TONNE","A","2006",84437.336,
"BRICS","CROPYIELD","SOYBEAN","THND_TONNE","A","2007",84568.296,
"BRICS","CROPYIELD","SOYBEAN","THND_TONNE","A","2008",83649.496,
"BRICS","CROPYIELD","SOYBEAN","THND_TONNE","A","2009",95334.939,
"BRICS","CROPYIELD","SOYBEAN","THND_TONNE","A","2010",105266,
"BRICS","CROPYIELD","SOYBEAN","THND_TONNE","A","2011",95830.529,
"BRICS","CROPYIELD","SOYBEAN","THND_TONNE","A","2012",111942.18,
"BRICS","CROPYIELD","SOYBEAN","THND_TONNE","A","2013",112690.49,
"BRICS","CROPYIELD","SOYBEAN","THND_TONNE","A","2014",122606.2,
"BRICS","CROPYIELD","SOYBEAN","THND_TONNE","A","2015",120155.55,
"BRICS","CROPYIELD","SOYBEAN","THND_TONNE","A","2016",144713.99,
"BRICS","CROPYIELD","SOYBEAN","THND_TONNE","A","2017",150433.41,
"BRICS","CROPYIELD","SOYBEAN","THND_TONNE","A","2018",150064.05,
"BRICS","CROPYIELD","SOYBEAN","THND_TONNE","A","2019",155896.22,
"MYS","CROPYIELD","SOYBEAN","THND_TONNE","A","1990",0,
"MYS","CROPYIELD","SOYBEAN","THND_TONNE","A","1991",0.001,
"MYS","CROPYIELD","SOYBEAN","THND_TONNE","A","1992",0.001,
"MYS","CROPYIELD","SOYBEAN","THND_TONNE","A","1993",0.001,
"MYS","CROPYIELD","SOYBEAN","THND_TONNE","A","1994",0.001,
"MYS","CROPYIELD","SOYBEAN","THND_TONNE","A","1995",0.001,
"MYS","CROPYIELD","SOYBEAN","THND_TONNE","A","1996",0.001,
"MYS","CROPYIELD","SOYBEAN","THND_TONNE","A","1997",0.001,
"MYS","CROPYIELD","SOYBEAN","THND_TONNE","A","1998",0.001,
"MYS","CROPYIELD","SOYBEAN","THND_TONNE","A","1999",0.001,
"MYS","CROPYIELD","SOYBEAN","THND_TONNE","A","2000",0.001,
"MYS","CROPYIELD","SOYBEAN","THND_TONNE","A","2001",0.001,
"MYS","CROPYIELD","SOYBEAN","THND_TONNE","A","2002",0.001,
"MYS","CROPYIELD","SOYBEAN","THND_TONNE","A","2003",0.001,
"MYS","CROPYIELD","SOYBEAN","THND_TONNE","A","2004",0.001,
"MYS","CROPYIELD","SOYBEAN","THND_TONNE","A","2005",0.001,
"MYS","CROPYIELD","SOYBEAN","THND_TONNE","A","2006",0.001,
"MYS","CROPYIELD","SOYBEAN","THND_TONNE","A","2007",0.001,
"MYS","CROPYIELD","SOYBEAN","THND_TONNE","A","2008",0.001,
"MYS","CROPYIELD","SOYBEAN","THND_TONNE","A","2009",0.001,
"MYS","CROPYIELD","SOYBEAN","THND_TONNE","A","2010",0.001,
"MYS","CROPYIELD","SOYBEAN","THND_TONNE","A","2011",0.001,
"MYS","CROPYIELD","SOYBEAN","THND_TONNE","A","2012",0.001,
"MYS","CROPYIELD","SOYBEAN","THND_TONNE","A","2013",0.001,
"MYS","CROPYIELD","SOYBEAN","THND_TONNE","A","2014",0.001,
"MYS","CROPYIELD","SOYBEAN","THND_TONNE","A","2015",0.001,
"MYS","CROPYIELD","SOYBEAN","THND_TONNE","A","2016",0.001,
"MYS","CROPYIELD","SOYBEAN","THND_TONNE","A","2017",0.001,
"MYS","CROPYIELD","SOYBEAN","THND_TONNE","A","2018",0.001,
"MYS","CROPYIELD","SOYBEAN","THND_TONNE","A","2019",0.001,
"RUS","CROPYIELD","SOYBEAN","THND_TONNE","A","1990",717.33,
"RUS","CROPYIELD","SOYBEAN","THND_TONNE","A","1991",622.2,
"RUS","CROPYIELD","SOYBEAN","THND_TONNE","A","1992",505.36,
"RUS","CROPYIELD","SOYBEAN","THND_TONNE","A","1993",496.791,
"RUS","CROPYIELD","SOYBEAN","THND_TONNE","A","1994",421.542,
"RUS","CROPYIELD","SOYBEAN","THND_TONNE","A","1995",290.24,
"RUS","CROPYIELD","SOYBEAN","THND_TONNE","A","1996",282.893,
"RUS","CROPYIELD","SOYBEAN","THND_TONNE","A","1997",279.536,
"RUS","CROPYIELD","SOYBEAN","THND_TONNE","A","1998",295.031,
"RUS","CROPYIELD","SOYBEAN","THND_TONNE","A","1999",334.396,
"RUS","CROPYIELD","SOYBEAN","THND_TONNE","A","2000",341.754,
"RUS","CROPYIELD","SOYBEAN","THND_TONNE","A","2001",349.635,
"RUS","CROPYIELD","SOYBEAN","THND_TONNE","A","2002",422.53,
"RUS","CROPYIELD","SOYBEAN","THND_TONNE","A","2003",392.477,
"RUS","CROPYIELD","SOYBEAN","THND_TONNE","A","2004",554.236,
"RUS","CROPYIELD","SOYBEAN","THND_TONNE","A","2005",686.099,
"RUS","CROPYIELD","SOYBEAN","THND_TONNE","A","2006",804.536,
"RUS","CROPYIELD","SOYBEAN","THND_TONNE","A","2007",650.596,
"RUS","CROPYIELD","SOYBEAN","THND_TONNE","A","2008",746.996,
"RUS","CROPYIELD","SOYBEAN","THND_TONNE","A","2009",945.739,
"RUS","CROPYIELD","SOYBEAN","THND_TONNE","A","2010",1225.701,
"RUS","CROPYIELD","SOYBEAN","THND_TONNE","A","2011",1647.529,
"RUS","CROPYIELD","SOYBEAN","THND_TONNE","A","2012",1687.776,
"RUS","CROPYIELD","SOYBEAN","THND_TONNE","A","2013",1519.69,
"RUS","CROPYIELD","SOYBEAN","THND_TONNE","A","2014",2371.195,
"RUS","CROPYIELD","SOYBEAN","THND_TONNE","A","2015",2715.955,
"RUS","CROPYIELD","SOYBEAN","THND_TONNE","A","2016",3142.693,
"RUS","CROPYIELD","SOYBEAN","THND_TONNE","A","2017",3621.713,
"RUS","CROPYIELD","SOYBEAN","THND_TONNE","A","2018",4026.85,
"RUS","CROPYIELD","SOYBEAN","THND_TONNE","A","2019",3905.951,
"SAU","CROPYIELD","SOYBEAN","THND_TONNE","A","1990",0,
"SAU","CROPYIELD","SOYBEAN","THND_TONNE","A","1991",0,
"SAU","CROPYIELD","SOYBEAN","THND_TONNE","A","1992",0,
"SAU","CROPYIELD","SOYBEAN","THND_TONNE","A","1993",0,
"SAU","CROPYIELD","SOYBEAN","THND_TONNE","A","1994",0,
"SAU","CROPYIELD","SOYBEAN","THND_TONNE","A","1995",0,
"SAU","CROPYIELD","SOYBEAN","THND_TONNE","A","1996",0,
"SAU","CROPYIELD","SOYBEAN","THND_TONNE","A","1997",0,
"SAU","CROPYIELD","SOYBEAN","THND_TONNE","A","1998",0,
"SAU","CROPYIELD","SOYBEAN","THND_TONNE","A","1999",0,
"SAU","CROPYIELD","SOYBEAN","THND_TONNE","A","2000",0,
"SAU","CROPYIELD","SOYBEAN","THND_TONNE","A","2001",0,
"SAU","CROPYIELD","SOYBEAN","THND_TONNE","A","2002",0,
"SAU","CROPYIELD","SOYBEAN","THND_TONNE","A","2003",0,
"SAU","CROPYIELD","SOYBEAN","THND_TONNE","A","2004",0,
"SAU","CROPYIELD","SOYBEAN","THND_TONNE","A","2005",0,
"SAU","CROPYIELD","SOYBEAN","THND_TONNE","A","2006",0,
"SAU","CROPYIELD","SOYBEAN","THND_TONNE","A","2007",0,
"SAU","CROPYIELD","SOYBEAN","THND_TONNE","A","2008",0,
"SAU","CROPYIELD","SOYBEAN","THND_TONNE","A","2009",0,
"SAU","CROPYIELD","SOYBEAN","THND_TONNE","A","2010",0,
"SAU","CROPYIELD","SOYBEAN","THND_TONNE","A","2011",0,
"SAU","CROPYIELD","SOYBEAN","THND_TONNE","A","2012",0,
"SAU","CROPYIELD","SOYBEAN","THND_TONNE","A","2013",0,
"SAU","CROPYIELD","SOYBEAN","THND_TONNE","A","2014",0,
"SAU","CROPYIELD","SOYBEAN","THND_TONNE","A","2015",0,
"SAU","CROPYIELD","SOYBEAN","THND_TONNE","A","2016",0,
"SAU","CROPYIELD","SOYBEAN","THND_TONNE","A","2017",0,
"SAU","CROPYIELD","SOYBEAN","THND_TONNE","A","2018",0,
"SAU","CROPYIELD","SOYBEAN","THND_TONNE","A","2019",0,
"PRY","CROPYIELD","SOYBEAN","THND_TONNE","A","1990",0,
"PRY","CROPYIELD","SOYBEAN","THND_TONNE","A","1991",1617.94,
"PRY","CROPYIELD","SOYBEAN","THND_TONNE","A","1992",1793.54,
"PRY","CROPYIELD","SOYBEAN","THND_TONNE","A","1993",1795.79,
"PRY","CROPYIELD","SOYBEAN","THND_TONNE","A","1994",2212.11,
"PRY","CROPYIELD","SOYBEAN","THND_TONNE","A","1995",2394.79,
"PRY","CROPYIELD","SOYBEAN","THND_TONNE","A","1996",2771,
"PRY","CROPYIELD","SOYBEAN","THND_TONNE","A","1997",2856,
"PRY","CROPYIELD","SOYBEAN","THND_TONNE","A","1998",3053,
"PRY","CROPYIELD","SOYBEAN","THND_TONNE","A","1999",2980,
"PRY","CROPYIELD","SOYBEAN","THND_TONNE","A","2000",3511,
"PRY","CROPYIELD","SOYBEAN","THND_TONNE","A","2001",3300,
"PRY","CROPYIELD","SOYBEAN","THND_TONNE","A","2002",4205,
"PRY","CROPYIELD","SOYBEAN","THND_TONNE","A","2003",4120,
"PRY","CROPYIELD","SOYBEAN","THND_TONNE","A","2004",4050,
"PRY","CROPYIELD","SOYBEAN","THND_TONNE","A","2005",3920,
"PRY","CROPYIELD","SOYBEAN","THND_TONNE","A","2006",6200,
"PRY","CROPYIELD","SOYBEAN","THND_TONNE","A","2007",7200,
"PRY","CROPYIELD","SOYBEAN","THND_TONNE","A","2008",4153,
"PRY","CROPYIELD","SOYBEAN","THND_TONNE","A","2009",7100,
"PRY","CROPYIELD","SOYBEAN","THND_TONNE","A","2010",8373,
"PRY","CROPYIELD","SOYBEAN","THND_TONNE","A","2011",4040,
"PRY","CROPYIELD","SOYBEAN","THND_TONNE","A","2012",8202,
"PRY","CROPYIELD","SOYBEAN","THND_TONNE","A","2013",9000,
"PRY","CROPYIELD","SOYBEAN","THND_TONNE","A","2014",8600,
"PRY","CROPYIELD","SOYBEAN","THND_TONNE","A","2015",9400,
"PRY","CROPYIELD","SOYBEAN","THND_TONNE","A","2016",10050,
"PRY","CROPYIELD","SOYBEAN","THND_TONNE","A","2017",9950,
"PRY","CROPYIELD","SOYBEAN","THND_TONNE","A","2018",8400,
"PRY","CROPYIELD","SOYBEAN","THND_TONNE","A","2019",10500,
"WLD","CROPYIELD","SOYBEAN","THND_TONNE","A","1990",88720.708,
"WLD","CROPYIELD","SOYBEAN","THND_TONNE","A","1991",111630.26,
"WLD","CROPYIELD","SOYBEAN","THND_TONNE","A","1992",120440.53,
"WLD","CROPYIELD","SOYBEAN","THND_TONNE","A","1993",119557.78,
"WLD","CROPYIELD","SOYBEAN","THND_TONNE","A","1994",135464.95,
"WLD","CROPYIELD","SOYBEAN","THND_TONNE","A","1995",124676.03,
"WLD","CROPYIELD","SOYBEAN","THND_TONNE","A","1996",132252.89,
"WLD","CROPYIELD","SOYBEAN","THND_TONNE","A","1997",155886.08,
"WLD","CROPYIELD","SOYBEAN","THND_TONNE","A","1998",159274.01,
"WLD","CROPYIELD","SOYBEAN","THND_TONNE","A","1999",157120.56,
"WLD","CROPYIELD","SOYBEAN","THND_TONNE","A","2000",174194.04,
"WLD","CROPYIELD","SOYBEAN","THND_TONNE","A","2001",183631.51,
"WLD","CROPYIELD","SOYBEAN","THND_TONNE","A","2002",196597.91,
"WLD","CROPYIELD","SOYBEAN","THND_TONNE","A","2003",184396.63,
"WLD","CROPYIELD","SOYBEAN","THND_TONNE","A","2004",215289.55,
"WLD","CROPYIELD","SOYBEAN","THND_TONNE","A","2005",219929.21,
"WLD","CROPYIELD","SOYBEAN","THND_TONNE","A","2006",237538.78,
"WLD","CROPYIELD","SOYBEAN","THND_TONNE","A","2007",221448.64,
"WLD","CROPYIELD","SOYBEAN","THND_TONNE","A","2008",220782.92,
"WLD","CROPYIELD","SOYBEAN","THND_TONNE","A","2009",261933.71,
"WLD","CROPYIELD","SOYBEAN","THND_TONNE","A","2010",268872.54,
"WLD","CROPYIELD","SOYBEAN","THND_TONNE","A","2011",250656.11,
"WLD","CROPYIELD","SOYBEAN","THND_TONNE","A","2012",271323.35,
"WLD","CROPYIELD","SOYBEAN","THND_TONNE","A","2013",286831.03,
"WLD","CROPYIELD","SOYBEAN","THND_TONNE","A","2014",322434.15,
"WLD","CROPYIELD","SOYBEAN","THND_TONNE","A","2015",318407.25,
"WLD","CROPYIELD","SOYBEAN","THND_TONNE","A","2016",351147.28,
"WLD","CROPYIELD","SOYBEAN","THND_TONNE","A","2017",341570.96,
"WLD","CROPYIELD","SOYBEAN","THND_TONNE","A","2018",359209.9,
"WLD","CROPYIELD","SOYBEAN","THND_TONNE","A","2019",341194.63,
"IND","CROPYIELD","SOYBEAN","THND_TONNE","A","1990",0,
"IND","CROPYIELD","SOYBEAN","THND_TONNE","A","1991",2492,
"IND","CROPYIELD","SOYBEAN","THND_TONNE","A","1992",3390,
"IND","CROPYIELD","SOYBEAN","THND_TONNE","A","1993",4745.2,
"IND","CROPYIELD","SOYBEAN","THND_TONNE","A","1994",3931,
"IND","CROPYIELD","SOYBEAN","THND_TONNE","A","1995",4993,
"IND","CROPYIELD","SOYBEAN","THND_TONNE","A","1996",5209,
"IND","CROPYIELD","SOYBEAN","THND_TONNE","A","1997",5150,
"IND","CROPYIELD","SOYBEAN","THND_TONNE","A","1998",5300,
"IND","CROPYIELD","SOYBEAN","THND_TONNE","A","1999",5160,
"IND","CROPYIELD","SOYBEAN","THND_TONNE","A","2000",5010,
"IND","CROPYIELD","SOYBEAN","THND_TONNE","A","2001",5350,
"IND","CROPYIELD","SOYBEAN","THND_TONNE","A","2002",4300,
"IND","CROPYIELD","SOYBEAN","THND_TONNE","A","2003",6880,
"IND","CROPYIELD","SOYBEAN","THND_TONNE","A","2004",6880,
"IND","CROPYIELD","SOYBEAN","THND_TONNE","A","2005",8270,
"IND","CROPYIELD","SOYBEAN","THND_TONNE","A","2006",8850,
"IND","CROPYIELD","SOYBEAN","THND_TONNE","A","2007",10970,
"IND","CROPYIELD","SOYBEAN","THND_TONNE","A","2008",9910,
"IND","CROPYIELD","SOYBEAN","THND_TONNE","A","2009",9960,
"IND","CROPYIELD","SOYBEAN","THND_TONNE","A","2010",12740,
"IND","CROPYIELD","SOYBEAN","THND_TONNE","A","2011",12210,
"IND","CROPYIELD","SOYBEAN","THND_TONNE","A","2012",14670,
"IND","CROPYIELD","SOYBEAN","THND_TONNE","A","2013",11860,
"IND","CROPYIELD","SOYBEAN","THND_TONNE","A","2014",10374,
"IND","CROPYIELD","SOYBEAN","THND_TONNE","A","2015",8570,
"IND","CROPYIELD","SOYBEAN","THND_TONNE","A","2016",13159,
"IND","CROPYIELD","SOYBEAN","THND_TONNE","A","2017",10934,
"IND","CROPYIELD","SOYBEAN","THND_TONNE","A","2018",13500,
"IND","CROPYIELD","SOYBEAN","THND_TONNE","A","2019",12100,
"CHN","CROPYIELD","SOYBEAN","THND_TONNE","A","1990",0,
"CHN","CROPYIELD","SOYBEAN","THND_TONNE","A","1991",9710,
"CHN","CROPYIELD","SOYBEAN","THND_TONNE","A","1992",10300,
"CHN","CROPYIELD","SOYBEAN","THND_TONNE","A","1993",15307,
"CHN","CROPYIELD","SOYBEAN","THND_TONNE","A","1994",16000,
"CHN","CROPYIELD","SOYBEAN","THND_TONNE","A","1995",13500,
"CHN","CROPYIELD","SOYBEAN","THND_TONNE","A","1996",13220,
"CHN","CROPYIELD","SOYBEAN","THND_TONNE","A","1997",14728,
"CHN","CROPYIELD","SOYBEAN","THND_TONNE","A","1998",15152,
"CHN","CROPYIELD","SOYBEAN","THND_TONNE","A","1999",14251,
"CHN","CROPYIELD","SOYBEAN","THND_TONNE","A","2000",15410,
"CHN","CROPYIELD","SOYBEAN","THND_TONNE","A","2001",15407,
"CHN","CROPYIELD","SOYBEAN","THND_TONNE","A","2002",16507,
"CHN","CROPYIELD","SOYBEAN","THND_TONNE","A","2003",15394,
"CHN","CROPYIELD","SOYBEAN","THND_TONNE","A","2004",17404,
"CHN","CROPYIELD","SOYBEAN","THND_TONNE","A","2005",16350,
"CHN","CROPYIELD","SOYBEAN","THND_TONNE","A","2006",15967,
"CHN","CROPYIELD","SOYBEAN","THND_TONNE","A","2007",12725,
"CHN","CROPYIELD","SOYBEAN","THND_TONNE","A","2008",15545,
"CHN","CROPYIELD","SOYBEAN","THND_TONNE","A","2009",15225,
"CHN","CROPYIELD","SOYBEAN","THND_TONNE","A","2010",15410,
"CHN","CROPYIELD","SOYBEAN","THND_TONNE","A","2011",14880,
"CHN","CROPYIELD","SOYBEAN","THND_TONNE","A","2012",13435,
"CHN","CROPYIELD","SOYBEAN","THND_TONNE","A","2013",12405,
"CHN","CROPYIELD","SOYBEAN","THND_TONNE","A","2014",12685,
"CHN","CROPYIELD","SOYBEAN","THND_TONNE","A","2015",12365,
"CHN","CROPYIELD","SOYBEAN","THND_TONNE","A","2016",13595,
"CHN","CROPYIELD","SOYBEAN","THND_TONNE","A","2017",15280,
"CHN","CROPYIELD","SOYBEAN","THND_TONNE","A","2018",15967.1,
"CHN","CROPYIELD","SOYBEAN","THND_TONNE","A","2019",18100,
"ZAF","CROPYIELD","SOYBEAN","THND_TONNE","A","1990",0,
"ZAF","CROPYIELD","SOYBEAN","THND_TONNE","A","1991",68,
"ZAF","CROPYIELD","SOYBEAN","THND_TONNE","A","1992",68.631,
"ZAF","CROPYIELD","SOYBEAN","THND_TONNE","A","1993",67.735,
"ZAF","CROPYIELD","SOYBEAN","THND_TONNE","A","1994",58.532,
"ZAF","CROPYIELD","SOYBEAN","THND_TONNE","A","1995",80,
"ZAF","CROPYIELD","SOYBEAN","THND_TONNE","A","1996",120,
"ZAF","CROPYIELD","SOYBEAN","THND_TONNE","A","1997",201,
"ZAF","CROPYIELD","SOYBEAN","THND_TONNE","A","1998",201,
"ZAF","CROPYIELD","SOYBEAN","THND_TONNE","A","1999",175,
"ZAF","CROPYIELD","SOYBEAN","THND_TONNE","A","2000",149,
"ZAF","CROPYIELD","SOYBEAN","THND_TONNE","A","2001",210,
"ZAF","CROPYIELD","SOYBEAN","THND_TONNE","A","2002",202,
"ZAF","CROPYIELD","SOYBEAN","THND_TONNE","A","2003",137,
"ZAF","CROPYIELD","SOYBEAN","THND_TONNE","A","2004",220,
"ZAF","CROPYIELD","SOYBEAN","THND_TONNE","A","2005",273,
"ZAF","CROPYIELD","SOYBEAN","THND_TONNE","A","2006",424,
"ZAF","CROPYIELD","SOYBEAN","THND_TONNE","A","2007",205,
"ZAF","CROPYIELD","SOYBEAN","THND_TONNE","A","2008",282,
"ZAF","CROPYIELD","SOYBEAN","THND_TONNE","A","2009",516,
"ZAF","CROPYIELD","SOYBEAN","THND_TONNE","A","2010",566,
"ZAF","CROPYIELD","SOYBEAN","THND_TONNE","A","2011",710,
"ZAF","CROPYIELD","SOYBEAN","THND_TONNE","A","2012",650,
"ZAF","CROPYIELD","SOYBEAN","THND_TONNE","A","2013",785,
"ZAF","CROPYIELD","SOYBEAN","THND_TONNE","A","2014",948,
"ZAF","CROPYIELD","SOYBEAN","THND_TONNE","A","2015",1070,
"ZAF","CROPYIELD","SOYBEAN","THND_TONNE","A","2016",742,
"ZAF","CROPYIELD","SOYBEAN","THND_TONNE","A","2017",1316,
"ZAF","CROPYIELD","SOYBEAN","THND_TONNE","A","2018",1540,
"ZAF","CROPYIELD","SOYBEAN","THND_TONNE","A","2019",1170,
"BRA","CROPYIELD","SOYBEAN","THND_TONNE","A","1990",19418.6,
"BRA","CROPYIELD","SOYBEAN","THND_TONNE","A","1991",23042.1,
"BRA","CROPYIELD","SOYBEAN","THND_TONNE","A","1992",25059.2,
"BRA","CROPYIELD","SOYBEAN","THND_TONNE","A","1993",25934.1,
"BRA","CROPYIELD","SOYBEAN","THND_TONNE","A","1994",23189.7,
"BRA","CROPYIELD","SOYBEAN","THND_TONNE","A","1995",23166.874,
"BRA","CROPYIELD","SOYBEAN","THND_TONNE","A","1996",26392.636,
"BRA","CROPYIELD","SOYBEAN","THND_TONNE","A","1997",31369.9,
"BRA","CROPYIELD","SOYBEAN","THND_TONNE","A","1998",30765,
"BRA","CROPYIELD","SOYBEAN","THND_TONNE","A","1999",32344.6,
"BRA","CROPYIELD","SOYBEAN","THND_TONNE","A","2000",38431.8,
"BRA","CROPYIELD","SOYBEAN","THND_TONNE","A","2001",41916.9,
"BRA","CROPYIELD","SOYBEAN","THND_TONNE","A","2002",52017.5,
"BRA","CROPYIELD","SOYBEAN","THND_TONNE","A","2003",49792.7,
"BRA","CROPYIELD","SOYBEAN","THND_TONNE","A","2004",52304.6,
"BRA","CROPYIELD","SOYBEAN","THND_TONNE","A","2005",55027.1,
"BRA","CROPYIELD","SOYBEAN","THND_TONNE","A","2006",58391.8,
"BRA","CROPYIELD","SOYBEAN","THND_TONNE","A","2007",60017.7,
"BRA","CROPYIELD","SOYBEAN","THND_TONNE","A","2008",57165.5,
"BRA","CROPYIELD","SOYBEAN","THND_TONNE","A","2009",68688.2,
"BRA","CROPYIELD","SOYBEAN","THND_TONNE","A","2010",75324.3,
"BRA","CROPYIELD","SOYBEAN","THND_TONNE","A","2011",66383,
"BRA","CROPYIELD","SOYBEAN","THND_TONNE","A","2012",81499.4,
"BRA","CROPYIELD","SOYBEAN","THND_TONNE","A","2013",86120.8,
"BRA","CROPYIELD","SOYBEAN","THND_TONNE","A","2014",96228,
"BRA","CROPYIELD","SOYBEAN","THND_TONNE","A","2015",95434.6,
"BRA","CROPYIELD","SOYBEAN","THND_TONNE","A","2016",114075.3,
"BRA","CROPYIELD","SOYBEAN","THND_TONNE","A","2017",119281.7,
"BRA","CROPYIELD","SOYBEAN","THND_TONNE","A","2018",115030.1,
"BRA","CROPYIELD","SOYBEAN","THND_TONNE","A","2019",120620.27,
"ISR","CROPYIELD","SOYBEAN","THND_TONNE","A","1990",0,
"ISR","CROPYIELD","SOYBEAN","THND_TONNE","A","1991",0,
"ISR","CROPYIELD","SOYBEAN","THND_TONNE","A","1992",0,
"ISR","CROPYIELD","SOYBEAN","THND_TONNE","A","1993",0,
"ISR","CROPYIELD","SOYBEAN","THND_TONNE","A","1994",0,
"ISR","CROPYIELD","SOYBEAN","THND_TONNE","A","1995",0,
"ISR","CROPYIELD","SOYBEAN","THND_TONNE","A","1996",0,
"ISR","CROPYIELD","SOYBEAN","THND_TONNE","A","1997",0,
"ISR","CROPYIELD","SOYBEAN","THND_TONNE","A","1998",0,
"ISR","CROPYIELD","SOYBEAN","THND_TONNE","A","1999",0,
"ISR","CROPYIELD","SOYBEAN","THND_TONNE","A","2000",0,
"ISR","CROPYIELD","SOYBEAN","THND_TONNE","A","2001",0,
"ISR","CROPYIELD","SOYBEAN","THND_TONNE","A","2002",0,
"ISR","CROPYIELD","SOYBEAN","THND_TONNE","A","2003",0,
"ISR","CROPYIELD","SOYBEAN","THND_TONNE","A","2004",0,
"ISR","CROPYIELD","SOYBEAN","THND_TONNE","A","2005",0,
"ISR","CROPYIELD","SOYBEAN","THND_TONNE","A","2006",0,
"ISR","CROPYIELD","SOYBEAN","THND_TONNE","A","2007",0,
"ISR","CROPYIELD","SOYBEAN","THND_TONNE","A","2008",0,
"ISR","CROPYIELD","SOYBEAN","THND_TONNE","A","2009",0,
"ISR","CROPYIELD","SOYBEAN","THND_TONNE","A","2010",0,
"ISR","CROPYIELD","SOYBEAN","THND_TONNE","A","2011",0,
"ISR","CROPYIELD","SOYBEAN","THND_TONNE","A","2012",0,
"ISR","CROPYIELD","SOYBEAN","THND_TONNE","A","2013",0,
"ISR","CROPYIELD","SOYBEAN","THND_TONNE","A","2014",0,
"ISR","CROPYIELD","SOYBEAN","THND_TONNE","A","2015",0,
"ISR","CROPYIELD","SOYBEAN","THND_TONNE","A","2016",0,
"ISR","CROPYIELD","SOYBEAN","THND_TONNE","A","2017",0,
"ISR","CROPYIELD","SOYBEAN","THND_TONNE","A","2018",0,
"ISR","CROPYIELD","SOYBEAN","THND_TONNE","A","2019",0,
"CHE","CROPYIELD","SOYBEAN","THND_TONNE","A","1990",4,
"CHE","CROPYIELD","SOYBEAN","THND_TONNE","A","1991",4.743,
"CHE","CROPYIELD","SOYBEAN","THND_TONNE","A","1992",4,
"CHE","CROPYIELD","SOYBEAN","THND_TONNE","A","1993",5,
"CHE","CROPYIELD","SOYBEAN","THND_TONNE","A","1994",4.848,
"CHE","CROPYIELD","SOYBEAN","THND_TONNE","A","1995",4.733,
"CHE","CROPYIELD","SOYBEAN","THND_TONNE","A","1996",6.197,
"CHE","CROPYIELD","SOYBEAN","THND_TONNE","A","1997",7.514,
"CHE","CROPYIELD","SOYBEAN","THND_TONNE","A","1998",7.59,
"CHE","CROPYIELD","SOYBEAN","THND_TONNE","A","1999",3.8,
"CHE","CROPYIELD","SOYBEAN","THND_TONNE","A","2000",1.2,
"CHE","CROPYIELD","SOYBEAN","THND_TONNE","A","2001",3.8,
"CHE","CROPYIELD","SOYBEAN","THND_TONNE","A","2002",3.8,
"CHE","CROPYIELD","SOYBEAN","THND_TONNE","A","2003",16,
"CHE","CROPYIELD","SOYBEAN","THND_TONNE","A","2004",16,
"CHE","CROPYIELD","SOYBEAN","THND_TONNE","A","2005",16,
"CHE","CROPYIELD","SOYBEAN","THND_TONNE","A","2006",16,
"CHE","CROPYIELD","SOYBEAN","THND_TONNE","A","2007",16,
"CHE","CROPYIELD","SOYBEAN","THND_TONNE","A","2008",16,
"CHE","CROPYIELD","SOYBEAN","THND_TONNE","A","2009",10,
"CHE","CROPYIELD","SOYBEAN","THND_TONNE","A","2010",10,
"CHE","CROPYIELD","SOYBEAN","THND_TONNE","A","2011",10,
"CHE","CROPYIELD","SOYBEAN","THND_TONNE","A","2012",10,
"CHE","CROPYIELD","SOYBEAN","THND_TONNE","A","2013",4,
"CHE","CROPYIELD","SOYBEAN","THND_TONNE","A","2014",4,
"CHE","CROPYIELD","SOYBEAN","THND_TONNE","A","2015",4,
"CHE","CROPYIELD","SOYBEAN","THND_TONNE","A","2016",5,
"CHE","CROPYIELD","SOYBEAN","THND_TONNE","A","2017",6,
"CHE","CROPYIELD","SOYBEAN","THND_TONNE","A","2018",4,
"CHE","CROPYIELD","SOYBEAN","THND_TONNE","A","2019",4,
"CHL","CROPYIELD","SOYBEAN","THND_TONNE","A","1990",0,
"CHL","CROPYIELD","SOYBEAN","THND_TONNE","A","1991",0,
"CHL","CROPYIELD","SOYBEAN","THND_TONNE","A","1992",0,
"CHL","CROPYIELD","SOYBEAN","THND_TONNE","A","1993",0,
"CHL","CROPYIELD","SOYBEAN","THND_TONNE","A","1994",0,
"CHL","CROPYIELD","SOYBEAN","THND_TONNE","A","1995",0,
"CHL","CROPYIELD","SOYBEAN","THND_TONNE","A","1996",0,
"CHL","CROPYIELD","SOYBEAN","THND_TONNE","A","1997",0,
"CHL","CROPYIELD","SOYBEAN","THND_TONNE","A","1998",0,
"CHL","CROPYIELD","SOYBEAN","THND_TONNE","A","1999",0,
"CHL","CROPYIELD","SOYBEAN","THND_TONNE","A","2000",0,
"CHL","CROPYIELD","SOYBEAN","THND_TONNE","A","2001",0,
"CHL","CROPYIELD","SOYBEAN","THND_TONNE","A","2002",0,
"CHL","CROPYIELD","SOYBEAN","THND_TONNE","A","2003",0,
"CHL","CROPYIELD","SOYBEAN","THND_TONNE","A","2004",0,
"CHL","CROPYIELD","SOYBEAN","THND_TONNE","A","2005",0,
"CHL","CROPYIELD","SOYBEAN","THND_TONNE","A","2006",0,
"CHL","CROPYIELD","SOYBEAN","THND_TONNE","A","2007",0,
"CHL","CROPYIELD","SOYBEAN","THND_TONNE","A","2008",0,
"CHL","CROPYIELD","SOYBEAN","THND_TONNE","A","2009",0,
"CHL","CROPYIELD","SOYBEAN","THND_TONNE","A","2010",0,
"CHL","CROPYIELD","SOYBEAN","THND_TONNE","A","2011",0,
"CHL","CROPYIELD","SOYBEAN","THND_TONNE","A","2012",0,
"CHL","CROPYIELD","SOYBEAN","THND_TONNE","A","2013",0,
"CHL","CROPYIELD","SOYBEAN","THND_TONNE","A","2014",0,
"CHL","CROPYIELD","SOYBEAN","THND_TONNE","A","2015",0,
"CHL","CROPYIELD","SOYBEAN","THND_TONNE","A","2016",0,
"CHL","CROPYIELD","SOYBEAN","THND_TONNE","A","2017",0,
"CHL","CROPYIELD","SOYBEAN","THND_TONNE","A","2018",0,
"CHL","CROPYIELD","SOYBEAN","THND_TONNE","A","2019",0,
"IRN","CROPYIELD","SOYBEAN","THND_TONNE","A","1990",0,
"IRN","CROPYIELD","SOYBEAN","THND_TONNE","A","1991",69,
"IRN","CROPYIELD","SOYBEAN","THND_TONNE","A","1992",100,
"IRN","CROPYIELD","SOYBEAN","THND_TONNE","A","1993",130,
"IRN","CROPYIELD","SOYBEAN","THND_TONNE","A","1994",235,
"IRN","CROPYIELD","SOYBEAN","THND_TONNE","A","1995",79,
"IRN","CROPYIELD","SOYBEAN","THND_TONNE","A","1996",66,
"IRN","CROPYIELD","SOYBEAN","THND_TONNE","A","1997",142,
"IRN","CROPYIELD","SOYBEAN","THND_TONNE","A","1998",138,
"IRN","CROPYIELD","SOYBEAN","THND_TONNE","A","1999",80.439,
"IRN","CROPYIELD","SOYBEAN","THND_TONNE","A","2000",142,
"IRN","CROPYIELD","SOYBEAN","THND_TONNE","A","2001",130,
"IRN","CROPYIELD","SOYBEAN","THND_TONNE","A","2002",113.9,
"IRN","CROPYIELD","SOYBEAN","THND_TONNE","A","2003",130,
"IRN","CROPYIELD","SOYBEAN","THND_TONNE","A","2004",160,
"IRN","CROPYIELD","SOYBEAN","THND_TONNE","A","2005",200,
"IRN","CROPYIELD","SOYBEAN","THND_TONNE","A","2006",210,
"IRN","CROPYIELD","SOYBEAN","THND_TONNE","A","2007",200,
"IRN","CROPYIELD","SOYBEAN","THND_TONNE","A","2008",250,
"IRN","CROPYIELD","SOYBEAN","THND_TONNE","A","2009",190,
"IRN","CROPYIELD","SOYBEAN","THND_TONNE","A","2010",165,
"IRN","CROPYIELD","SOYBEAN","THND_TONNE","A","2011",170,
"IRN","CROPYIELD","SOYBEAN","THND_TONNE","A","2012",174,
"IRN","CROPYIELD","SOYBEAN","THND_TONNE","A","2013",174,
"IRN","CROPYIELD","SOYBEAN","THND_TONNE","A","2014",180,
"IRN","CROPYIELD","SOYBEAN","THND_TONNE","A","2015",190,
"IRN","CROPYIELD","SOYBEAN","THND_TONNE","A","2016",197,
"IRN","CROPYIELD","SOYBEAN","THND_TONNE","A","2017",200,
"IRN","CROPYIELD","SOYBEAN","THND_TONNE","A","2018",210,
"IRN","CROPYIELD","SOYBEAN","THND_TONNE","A","2019",210,
"NOR","CROPYIELD","SOYBEAN","THND_TONNE","A","1990",0,
"NOR","CROPYIELD","SOYBEAN","THND_TONNE","A","1991",0,
"NOR","CROPYIELD","SOYBEAN","THND_TONNE","A","1992",0,
"NOR","CROPYIELD","SOYBEAN","THND_TONNE","A","1993",0,
"NOR","CROPYIELD","SOYBEAN","THND_TONNE","A","1994",0,
"NOR","CROPYIELD","SOYBEAN","THND_TONNE","A","1995",0,
"NOR","CROPYIELD","SOYBEAN","THND_TONNE","A","1996",0,
"NOR","CROPYIELD","SOYBEAN","THND_TONNE","A","1997",0,
"NOR","CROPYIELD","SOYBEAN","THND_TONNE","A","1998",0,
"NOR","CROPYIELD","SOYBEAN","THND_TONNE","A","1999",0,
"NOR","CROPYIELD","SOYBEAN","THND_TONNE","A","2000",0,
"NOR","CROPYIELD","SOYBEAN","THND_TONNE","A","2001",0,
"NOR","CROPYIELD","SOYBEAN","THND_TONNE","A","2002",0,
"NOR","CROPYIELD","SOYBEAN","THND_TONNE","A","2003",0,
"NOR","CROPYIELD","SOYBEAN","THND_TONNE","A","2004",0,
"NOR","CROPYIELD","SOYBEAN","THND_TONNE","A","2005",0,
"NOR","CROPYIELD","SOYBEAN","THND_TONNE","A","2006",0,
"NOR","CROPYIELD","SOYBEAN","THND_TONNE","A","2007",0,
"NOR","CROPYIELD","SOYBEAN","THND_TONNE","A","2008",0,
"NOR","CROPYIELD","SOYBEAN","THND_TONNE","A","2009",0,
"NOR","CROPYIELD","SOYBEAN","THND_TONNE","A","2010",0,
"NOR","CROPYIELD","SOYBEAN","THND_TONNE","A","2011",0,
"NOR","CROPYIELD","SOYBEAN","THND_TONNE","A","2012",0,
"NOR","CROPYIELD","SOYBEAN","THND_TONNE","A","2013",0,
"NOR","CROPYIELD","SOYBEAN","THND_TONNE","A","2014",0,
"NOR","CROPYIELD","SOYBEAN","THND_TONNE","A","2015",0,
"NOR","CROPYIELD","SOYBEAN","THND_TONNE","A","2016",0,
"NOR","CROPYIELD","SOYBEAN","THND_TONNE","A","2017",0,
"NOR","CROPYIELD","SOYBEAN","THND_TONNE","A","2018",0,
"NOR","CROPYIELD","SOYBEAN","THND_TONNE","A","2019",0,
"ETH","CROPYIELD","SOYBEAN","THND_TONNE","A","1990",0,
"ETH","CROPYIELD","SOYBEAN","THND_TONNE","A","1991",20,
"ETH","CROPYIELD","SOYBEAN","THND_TONNE","A","1992",21,
"ETH","CROPYIELD","SOYBEAN","THND_TONNE","A","1993",22,
"ETH","CROPYIELD","SOYBEAN","THND_TONNE","A","1994",21,
"ETH","CROPYIELD","SOYBEAN","THND_TONNE","A","1995",22,
"ETH","CROPYIELD","SOYBEAN","THND_TONNE","A","1996",23,
"ETH","CROPYIELD","SOYBEAN","THND_TONNE","A","1997",23,
"ETH","CROPYIELD","SOYBEAN","THND_TONNE","A","1998",24,
"ETH","CROPYIELD","SOYBEAN","THND_TONNE","A","1999",25,
"ETH","CROPYIELD","SOYBEAN","THND_TONNE","A","2000",25,
"ETH","CROPYIELD","SOYBEAN","THND_TONNE","A","2001",25,
"ETH","CROPYIELD","SOYBEAN","THND_TONNE","A","2002",25,
"ETH","CROPYIELD","SOYBEAN","THND_TONNE","A","2003",25,
"ETH","CROPYIELD","SOYBEAN","THND_TONNE","A","2004",25,
"ETH","CROPYIELD","SOYBEAN","THND_TONNE","A","2005",25,
"ETH","CROPYIELD","SOYBEAN","THND_TONNE","A","2006",25,
"ETH","CROPYIELD","SOYBEAN","THND_TONNE","A","2007",25,
"ETH","CROPYIELD","SOYBEAN","THND_TONNE","A","2008",25,
"ETH","CROPYIELD","SOYBEAN","THND_TONNE","A","2009",7,
"ETH","CROPYIELD","SOYBEAN","THND_TONNE","A","2010",16,
"ETH","CROPYIELD","SOYBEAN","THND_TONNE","A","2011",36,
"ETH","CROPYIELD","SOYBEAN","THND_TONNE","A","2012",64,
"ETH","CROPYIELD","SOYBEAN","THND_TONNE","A","2013",61,
"ETH","CROPYIELD","SOYBEAN","THND_TONNE","A","2014",72,
"ETH","CROPYIELD","SOYBEAN","THND_TONNE","A","2015",85,
"ETH","CROPYIELD","SOYBEAN","THND_TONNE","A","2016",82,
"ETH","CROPYIELD","SOYBEAN","THND_TONNE","A","2017",115,
"ETH","CROPYIELD","SOYBEAN","THND_TONNE","A","2018",120,
"ETH","CROPYIELD","SOYBEAN","THND_TONNE","A","2019",120,
"THA","CROPYIELD","SOYBEAN","THND_TONNE","A","1990",0,
"THA","CROPYIELD","SOYBEAN","THND_TONNE","A","1991",435.587,
"THA","CROPYIELD","SOYBEAN","THND_TONNE","A","1992",480.148,
"THA","CROPYIELD","SOYBEAN","THND_TONNE","A","1993",520.6,
"THA","CROPYIELD","SOYBEAN","THND_TONNE","A","1994",524.1,
"THA","CROPYIELD","SOYBEAN","THND_TONNE","A","1995",453.7,
"THA","CROPYIELD","SOYBEAN","THND_TONNE","A","1996",359.094,
"THA","CROPYIELD","SOYBEAN","THND_TONNE","A","1997",337.79,
"THA","CROPYIELD","SOYBEAN","THND_TONNE","A","1998",321.235,
"THA","CROPYIELD","SOYBEAN","THND_TONNE","A","1999",319.015,
"THA","CROPYIELD","SOYBEAN","THND_TONNE","A","2000",279,
"THA","CROPYIELD","SOYBEAN","THND_TONNE","A","2001",261,
"THA","CROPYIELD","SOYBEAN","THND_TONNE","A","2002",236,
"THA","CROPYIELD","SOYBEAN","THND_TONNE","A","2003",223,
"THA","CROPYIELD","SOYBEAN","THND_TONNE","A","2004",215,
"THA","CROPYIELD","SOYBEAN","THND_TONNE","A","2005",220,
"THA","CROPYIELD","SOYBEAN","THND_TONNE","A","2006",212,
"THA","CROPYIELD","SOYBEAN","THND_TONNE","A","2007",184,
"THA","CROPYIELD","SOYBEAN","THND_TONNE","A","2008",187,
"THA","CROPYIELD","SOYBEAN","THND_TONNE","A","2009",176,
"THA","CROPYIELD","SOYBEAN","THND_TONNE","A","2010",152,
"THA","CROPYIELD","SOYBEAN","THND_TONNE","A","2011",96,
"THA","CROPYIELD","SOYBEAN","THND_TONNE","A","2012",64,
"THA","CROPYIELD","SOYBEAN","THND_TONNE","A","2013",53,
"THA","CROPYIELD","SOYBEAN","THND_TONNE","A","2014",52,
"THA","CROPYIELD","SOYBEAN","THND_TONNE","A","2015",58,
"THA","CROPYIELD","SOYBEAN","THND_TONNE","A","2016",55,
"THA","CROPYIELD","SOYBEAN","THND_TONNE","A","2017",38,
"THA","CROPYIELD","SOYBEAN","THND_TONNE","A","2018",43,
"THA","CROPYIELD","SOYBEAN","THND_TONNE","A","2019",43,
"PER","CROPYIELD","SOYBEAN","THND_TONNE","A","1990",0,
"PER","CROPYIELD","SOYBEAN","THND_TONNE","A","1991",0.304,
"PER","CROPYIELD","SOYBEAN","THND_TONNE","A","1992",0.963,
"PER","CROPYIELD","SOYBEAN","THND_TONNE","A","1993",0.8,
"PER","CROPYIELD","SOYBEAN","THND_TONNE","A","1994",1.358,
"PER","CROPYIELD","SOYBEAN","THND_TONNE","A","1995",2.209,
"PER","CROPYIELD","SOYBEAN","THND_TONNE","A","1996",7.268,
"PER","CROPYIELD","SOYBEAN","THND_TONNE","A","1997",3,
"PER","CROPYIELD","SOYBEAN","THND_TONNE","A","1998",3,
"PER","CROPYIELD","SOYBEAN","THND_TONNE","A","1999",3,
"PER","CROPYIELD","SOYBEAN","THND_TONNE","A","2000",3,
"PER","CROPYIELD","SOYBEAN","THND_TONNE","A","2001",3,
"PER","CROPYIELD","SOYBEAN","THND_TONNE","A","2002",3,
"PER","CROPYIELD","SOYBEAN","THND_TONNE","A","2003",3,
"PER","CROPYIELD","SOYBEAN","THND_TONNE","A","2004",3,
"PER","CROPYIELD","SOYBEAN","THND_TONNE","A","2005",3,
"PER","CROPYIELD","SOYBEAN","THND_TONNE","A","2006",3,
"PER","CROPYIELD","SOYBEAN","THND_TONNE","A","2007",3,
"PER","CROPYIELD","SOYBEAN","THND_TONNE","A","2008",3,
"PER","CROPYIELD","SOYBEAN","THND_TONNE","A","2009",5,
"PER","CROPYIELD","SOYBEAN","THND_TONNE","A","2010",5,
"PER","CROPYIELD","SOYBEAN","THND_TONNE","A","2011",5,
"PER","CROPYIELD","SOYBEAN","THND_TONNE","A","2012",5,
"PER","CROPYIELD","SOYBEAN","THND_TONNE","A","2013",5,
"PER","CROPYIELD","SOYBEAN","THND_TONNE","A","2014",5,
"PER","CROPYIELD","SOYBEAN","THND_TONNE","A","2015",5,
"PER","CROPYIELD","SOYBEAN","THND_TONNE","A","2016",5,
"PER","CROPYIELD","SOYBEAN","THND_TONNE","A","2017",5,
"PER","CROPYIELD","SOYBEAN","THND_TONNE","A","2018",5,
"PER","CROPYIELD","SOYBEAN","THND_TONNE","A","2019",5,
"VNM","CROPYIELD","SOYBEAN","THND_TONNE","A","1990",0,
"VNM","CROPYIELD","SOYBEAN","THND_TONNE","A","1991",80,
"VNM","CROPYIELD","SOYBEAN","THND_TONNE","A","1992",80,
"VNM","CROPYIELD","SOYBEAN","THND_TONNE","A","1993",105.7,
"VNM","CROPYIELD","SOYBEAN","THND_TONNE","A","1994",124.5,
"VNM","CROPYIELD","SOYBEAN","THND_TONNE","A","1995",125.5,
"VNM","CROPYIELD","SOYBEAN","THND_TONNE","A","1996",113.8,
"VNM","CROPYIELD","SOYBEAN","THND_TONNE","A","1997",113,
"VNM","CROPYIELD","SOYBEAN","THND_TONNE","A","1998",146.7,
"VNM","CROPYIELD","SOYBEAN","THND_TONNE","A","1999",147.2,
"VNM","CROPYIELD","SOYBEAN","THND_TONNE","A","2000",149.3,
"VNM","CROPYIELD","SOYBEAN","THND_TONNE","A","2001",176.3,
"VNM","CROPYIELD","SOYBEAN","THND_TONNE","A","2002",201.4,
"VNM","CROPYIELD","SOYBEAN","THND_TONNE","A","2003",201,
"VNM","CROPYIELD","SOYBEAN","THND_TONNE","A","2004",201,
"VNM","CROPYIELD","SOYBEAN","THND_TONNE","A","2005",293,
"VNM","CROPYIELD","SOYBEAN","THND_TONNE","A","2006",258,
"VNM","CROPYIELD","SOYBEAN","THND_TONNE","A","2007",275,
"VNM","CROPYIELD","SOYBEAN","THND_TONNE","A","2008",268,
"VNM","CROPYIELD","SOYBEAN","THND_TONNE","A","2009",215,
"VNM","CROPYIELD","SOYBEAN","THND_TONNE","A","2010",299,
"VNM","CROPYIELD","SOYBEAN","THND_TONNE","A","2011",267,
"VNM","CROPYIELD","SOYBEAN","THND_TONNE","A","2012",174,
"VNM","CROPYIELD","SOYBEAN","THND_TONNE","A","2013",168,
"VNM","CROPYIELD","SOYBEAN","THND_TONNE","A","2014",158,
"VNM","CROPYIELD","SOYBEAN","THND_TONNE","A","2015",146,
"VNM","CROPYIELD","SOYBEAN","THND_TONNE","A","2016",148,
"VNM","CROPYIELD","SOYBEAN","THND_TONNE","A","2017",102,
"VNM","CROPYIELD","SOYBEAN","THND_TONNE","A","2018",81,
"VNM","CROPYIELD","SOYBEAN","THND_TONNE","A","2019",81,
"KAZ","CROPYIELD","SOYBEAN","THND_TONNE","A","1990",0,
"KAZ","CROPYIELD","SOYBEAN","THND_TONNE","A","1991",14,
"KAZ","CROPYIELD","SOYBEAN","THND_TONNE","A","1992",11.8,
"KAZ","CROPYIELD","SOYBEAN","THND_TONNE","A","1993",5.86,
"KAZ","CROPYIELD","SOYBEAN","THND_TONNE","A","1994",5.51,
"KAZ","CROPYIELD","SOYBEAN","THND_TONNE","A","1995",3.715,
"KAZ","CROPYIELD","SOYBEAN","THND_TONNE","A","1996",2.953,
"KAZ","CROPYIELD","SOYBEAN","THND_TONNE","A","1997",3.311,
"KAZ","CROPYIELD","SOYBEAN","THND_TONNE","A","1998",4,
"KAZ","CROPYIELD","SOYBEAN","THND_TONNE","A","1999",4,
"KAZ","CROPYIELD","SOYBEAN","THND_TONNE","A","2000",4,
"KAZ","CROPYIELD","SOYBEAN","THND_TONNE","A","2001",7,
"KAZ","CROPYIELD","SOYBEAN","THND_TONNE","A","2002",7,
"KAZ","CROPYIELD","SOYBEAN","THND_TONNE","A","2003",50,
"KAZ","CROPYIELD","SOYBEAN","THND_TONNE","A","2004",50,
"KAZ","CROPYIELD","SOYBEAN","THND_TONNE","A","2005",50,
"KAZ","CROPYIELD","SOYBEAN","THND_TONNE","A","2006",48,
"KAZ","CROPYIELD","SOYBEAN","THND_TONNE","A","2007",70,
"KAZ","CROPYIELD","SOYBEAN","THND_TONNE","A","2008",89,
"KAZ","CROPYIELD","SOYBEAN","THND_TONNE","A","2009",94,
"KAZ","CROPYIELD","SOYBEAN","THND_TONNE","A","2010",114,
"KAZ","CROPYIELD","SOYBEAN","THND_TONNE","A","2011",153,
"KAZ","CROPYIELD","SOYBEAN","THND_TONNE","A","2012",170,
"KAZ","CROPYIELD","SOYBEAN","THND_TONNE","A","2013",203,
"KAZ","CROPYIELD","SOYBEAN","THND_TONNE","A","2014",218,
"KAZ","CROPYIELD","SOYBEAN","THND_TONNE","A","2015",220,
"KAZ","CROPYIELD","SOYBEAN","THND_TONNE","A","2016",231,
"KAZ","CROPYIELD","SOYBEAN","THND_TONNE","A","2017",252,
"KAZ","CROPYIELD","SOYBEAN","THND_TONNE","A","2018",260,
"KAZ","CROPYIELD","SOYBEAN","THND_TONNE","A","2019",260,
"NZL","CROPYIELD","SOYBEAN","THND_TONNE","A","1990",0,
"NZL","CROPYIELD","SOYBEAN","THND_TONNE","A","1991",0,
"NZL","CROPYIELD","SOYBEAN","THND_TONNE","A","1992",0,
"NZL","CROPYIELD","SOYBEAN","THND_TONNE","A","1993",0,
"NZL","CROPYIELD","SOYBEAN","THND_TONNE","A","1994",0,
"NZL","CROPYIELD","SOYBEAN","THND_TONNE","A","1995",0,
"NZL","CROPYIELD","SOYBEAN","THND_TONNE","A","1996",0,
"NZL","CROPYIELD","SOYBEAN","THND_TONNE","A","1997",0,
"NZL","CROPYIELD","SOYBEAN","THND_TONNE","A","1998",0,
"NZL","CROPYIELD","SOYBEAN","THND_TONNE","A","1999",0,
"NZL","CROPYIELD","SOYBEAN","THND_TONNE","A","2000",0,
"NZL","CROPYIELD","SOYBEAN","THND_TONNE","A","2001",0,
"NZL","CROPYIELD","SOYBEAN","THND_TONNE","A","2002",0,
"NZL","CROPYIELD","SOYBEAN","THND_TONNE","A","2003",0,
"NZL","CROPYIELD","SOYBEAN","THND_TONNE","A","2004",0,
"NZL","CROPYIELD","SOYBEAN","THND_TONNE","A","2005",0,
"NZL","CROPYIELD","SOYBEAN","THND_TONNE","A","2006",0,
"NZL","CROPYIELD","SOYBEAN","THND_TONNE","A","2007",0,
"NZL","CROPYIELD","SOYBEAN","THND_TONNE","A","2008",0,
"NZL","CROPYIELD","SOYBEAN","THND_TONNE","A","2009",0,
"NZL","CROPYIELD","SOYBEAN","THND_TONNE","A","2010",0,
"NZL","CROPYIELD","SOYBEAN","THND_TONNE","A","2011",0,
"NZL","CROPYIELD","SOYBEAN","THND_TONNE","A","2012",0,
"NZL","CROPYIELD","SOYBEAN","THND_TONNE","A","2013",0,
"NZL","CROPYIELD","SOYBEAN","THND_TONNE","A","2014",0,
"NZL","CROPYIELD","SOYBEAN","THND_TONNE","A","2015",0,
"NZL","CROPYIELD","SOYBEAN","THND_TONNE","A","2016",0,
"NZL","CROPYIELD","SOYBEAN","THND_TONNE","A","2017",0,
"NZL","CROPYIELD","SOYBEAN","THND_TONNE","A","2018",0,
"NZL","CROPYIELD","SOYBEAN","THND_TONNE","A","2019",0,
"EGY","CROPYIELD","SOYBEAN","THND_TONNE","A","1990",0,
"EGY","CROPYIELD","SOYBEAN","THND_TONNE","A","1991",58.943,
"EGY","CROPYIELD","SOYBEAN","THND_TONNE","A","1992",50.475,
"EGY","CROPYIELD","SOYBEAN","THND_TONNE","A","1993",67.245,
"EGY","CROPYIELD","SOYBEAN","THND_TONNE","A","1994",63.427,
"EGY","CROPYIELD","SOYBEAN","THND_TONNE","A","1995",39.718,
"EGY","CROPYIELD","SOYBEAN","THND_TONNE","A","1996",34.6,
"EGY","CROPYIELD","SOYBEAN","THND_TONNE","A","1997",25,
"EGY","CROPYIELD","SOYBEAN","THND_TONNE","A","1998",30,
"EGY","CROPYIELD","SOYBEAN","THND_TONNE","A","1999",30,
"EGY","CROPYIELD","SOYBEAN","THND_TONNE","A","2000",30,
"EGY","CROPYIELD","SOYBEAN","THND_TONNE","A","2001",15,
"EGY","CROPYIELD","SOYBEAN","THND_TONNE","A","2002",18,
"EGY","CROPYIELD","SOYBEAN","THND_TONNE","A","2003",29,
"EGY","CROPYIELD","SOYBEAN","THND_TONNE","A","2004",43,
"EGY","CROPYIELD","SOYBEAN","THND_TONNE","A","2005",26,
"EGY","CROPYIELD","SOYBEAN","THND_TONNE","A","2006",23.026,
"EGY","CROPYIELD","SOYBEAN","THND_TONNE","A","2007",26,
"EGY","CROPYIELD","SOYBEAN","THND_TONNE","A","2008",29.01,
"EGY","CROPYIELD","SOYBEAN","THND_TONNE","A","2009",26,
"EGY","CROPYIELD","SOYBEAN","THND_TONNE","A","2010",43,
"EGY","CROPYIELD","SOYBEAN","THND_TONNE","A","2011",30,
"EGY","CROPYIELD","SOYBEAN","THND_TONNE","A","2012",26,
"EGY","CROPYIELD","SOYBEAN","THND_TONNE","A","2013",33,
"EGY","CROPYIELD","SOYBEAN","THND_TONNE","A","2014",40,
"EGY","CROPYIELD","SOYBEAN","THND_TONNE","A","2015",30,
"EGY","CROPYIELD","SOYBEAN","THND_TONNE","A","2016",35,
"EGY","CROPYIELD","SOYBEAN","THND_TONNE","A","2017",35,
"EGY","CROPYIELD","SOYBEAN","THND_TONNE","A","2018",35,
"EGY","CROPYIELD","SOYBEAN","THND_TONNE","A","2019",35,
"NGA","CROPYIELD","SOYBEAN","THND_TONNE","A","1990",0,
"NGA","CROPYIELD","SOYBEAN","THND_TONNE","A","1991",145,
"NGA","CROPYIELD","SOYBEAN","THND_TONNE","A","1992",154,
"NGA","CROPYIELD","SOYBEAN","THND_TONNE","A","1993",163,
"NGA","CROPYIELD","SOYBEAN","THND_TONNE","A","1994",178,
"NGA","CROPYIELD","SOYBEAN","THND_TONNE","A","1995",192,
"NGA","CROPYIELD","SOYBEAN","THND_TONNE","A","1996",322,
"NGA","CROPYIELD","SOYBEAN","THND_TONNE","A","1997",361,
"NGA","CROPYIELD","SOYBEAN","THND_TONNE","A","1998",410,
"NGA","CROPYIELD","SOYBEAN","THND_TONNE","A","1999",429,
"NGA","CROPYIELD","SOYBEAN","THND_TONNE","A","2000",436,
"NGA","CROPYIELD","SOYBEAN","THND_TONNE","A","2001",464,
"NGA","CROPYIELD","SOYBEAN","THND_TONNE","A","2002",494,
"NGA","CROPYIELD","SOYBEAN","THND_TONNE","A","2003",528,
"NGA","CROPYIELD","SOYBEAN","THND_TONNE","A","2004",565,
"NGA","CROPYIELD","SOYBEAN","THND_TONNE","A","2005",605,
"NGA","CROPYIELD","SOYBEAN","THND_TONNE","A","2006",617,
"NGA","CROPYIELD","SOYBEAN","THND_TONNE","A","2007",600,
"NGA","CROPYIELD","SOYBEAN","THND_TONNE","A","2008",720,
"NGA","CROPYIELD","SOYBEAN","THND_TONNE","A","2009",620,
"NGA","CROPYIELD","SOYBEAN","THND_TONNE","A","2010",620,
"NGA","CROPYIELD","SOYBEAN","THND_TONNE","A","2011",680,
"NGA","CROPYIELD","SOYBEAN","THND_TONNE","A","2012",650,
"NGA","CROPYIELD","SOYBEAN","THND_TONNE","A","2013",518,
"NGA","CROPYIELD","SOYBEAN","THND_TONNE","A","2014",679,
"NGA","CROPYIELD","SOYBEAN","THND_TONNE","A","2015",650,
"NGA","CROPYIELD","SOYBEAN","THND_TONNE","A","2016",760,
"NGA","CROPYIELD","SOYBEAN","THND_TONNE","A","2017",650,
"NGA","CROPYIELD","SOYBEAN","THND_TONNE","A","2018",700,
"NGA","CROPYIELD","SOYBEAN","THND_TONNE","A","2019",700,
"UKR","CROPYIELD","SOYBEAN","THND_TONNE","A","1990",0,
"UKR","CROPYIELD","SOYBEAN","THND_TONNE","A","1991",135.327,
"UKR","CROPYIELD","SOYBEAN","THND_TONNE","A","1992",120,
"UKR","CROPYIELD","SOYBEAN","THND_TONNE","A","1993",61,
"UKR","CROPYIELD","SOYBEAN","THND_TONNE","A","1994",31,
"UKR","CROPYIELD","SOYBEAN","THND_TONNE","A","1995",22,
"UKR","CROPYIELD","SOYBEAN","THND_TONNE","A","1996",15,
"UKR","CROPYIELD","SOYBEAN","THND_TONNE","A","1997",18,
"UKR","CROPYIELD","SOYBEAN","THND_TONNE","A","1998",36,
"UKR","CROPYIELD","SOYBEAN","THND_TONNE","A","1999",45,
"UKR","CROPYIELD","SOYBEAN","THND_TONNE","A","2000",64,
"UKR","CROPYIELD","SOYBEAN","THND_TONNE","A","2001",74,
"UKR","CROPYIELD","SOYBEAN","THND_TONNE","A","2002",125,
"UKR","CROPYIELD","SOYBEAN","THND_TONNE","A","2003",245,
"UKR","CROPYIELD","SOYBEAN","THND_TONNE","A","2004",264,
"UKR","CROPYIELD","SOYBEAN","THND_TONNE","A","2005",613,
"UKR","CROPYIELD","SOYBEAN","THND_TONNE","A","2006",889,
"UKR","CROPYIELD","SOYBEAN","THND_TONNE","A","2007",722,
"UKR","CROPYIELD","SOYBEAN","THND_TONNE","A","2008",813,
"UKR","CROPYIELD","SOYBEAN","THND_TONNE","A","2009",1043,
"UKR","CROPYIELD","SOYBEAN","THND_TONNE","A","2010",1680,
"UKR","CROPYIELD","SOYBEAN","THND_TONNE","A","2011",2260,
"UKR","CROPYIELD","SOYBEAN","THND_TONNE","A","2012",2410,
"UKR","CROPYIELD","SOYBEAN","THND_TONNE","A","2013",2663,
"UKR","CROPYIELD","SOYBEAN","THND_TONNE","A","2014",3871,
"UKR","CROPYIELD","SOYBEAN","THND_TONNE","A","2015",3931,
"UKR","CROPYIELD","SOYBEAN","THND_TONNE","A","2016",4277,
"UKR","CROPYIELD","SOYBEAN","THND_TONNE","A","2017",3899,
"UKR","CROPYIELD","SOYBEAN","THND_TONNE","A","2018",4461,
"UKR","CROPYIELD","SOYBEAN","THND_TONNE","A","2019",3715,
"PHL","CROPYIELD","SOYBEAN","THND_TONNE","A","1990",0,
"PHL","CROPYIELD","SOYBEAN","THND_TONNE","A","1991",3.24,
"PHL","CROPYIELD","SOYBEAN","THND_TONNE","A","1992",3.676,
"PHL","CROPYIELD","SOYBEAN","THND_TONNE","A","1993",4.275,
"PHL","CROPYIELD","SOYBEAN","THND_TONNE","A","1994",4.344,
"PHL","CROPYIELD","SOYBEAN","THND_TONNE","A","1995",3.524,
"PHL","CROPYIELD","SOYBEAN","THND_TONNE","A","1996",2,
"PHL","CROPYIELD","SOYBEAN","THND_TONNE","A","1997",1,
"PHL","CROPYIELD","SOYBEAN","THND_TONNE","A","1998",2,
"PHL","CROPYIELD","SOYBEAN","THND_TONNE","A","1999",2,
"PHL","CROPYIELD","SOYBEAN","THND_TONNE","A","2000",2,
"PHL","CROPYIELD","SOYBEAN","THND_TONNE","A","2001",2,
"PHL","CROPYIELD","SOYBEAN","THND_TONNE","A","2002",2,
"PHL","CROPYIELD","SOYBEAN","THND_TONNE","A","2003",1,
"PHL","CROPYIELD","SOYBEAN","THND_TONNE","A","2004",1,
"PHL","CROPYIELD","SOYBEAN","THND_TONNE","A","2005",1,
"PHL","CROPYIELD","SOYBEAN","THND_TONNE","A","2006",1,
"PHL","CROPYIELD","SOYBEAN","THND_TONNE","A","2007",1,
"PHL","CROPYIELD","SOYBEAN","THND_TONNE","A","2008",1,
"PHL","CROPYIELD","SOYBEAN","THND_TONNE","A","2009",1,
"PHL","CROPYIELD","SOYBEAN","THND_TONNE","A","2010",1,
"PHL","CROPYIELD","SOYBEAN","THND_TONNE","A","2011",1,
"PHL","CROPYIELD","SOYBEAN","THND_TONNE","A","2012",1,
"PHL","CROPYIELD","SOYBEAN","THND_TONNE","A","2013",1,
"PHL","CROPYIELD","SOYBEAN","THND_TONNE","A","2014",1,
"PHL","CROPYIELD","SOYBEAN","THND_TONNE","A","2015",1,
"PHL","CROPYIELD","SOYBEAN","THND_TONNE","A","2016",1,
"PHL","CROPYIELD","SOYBEAN","THND_TONNE","A","2017",1,
"PHL","CROPYIELD","SOYBEAN","THND_TONNE","A","2018",1,
"PHL","CROPYIELD","SOYBEAN","THND_TONNE","A","2019",1,
"AUS","CROPYIELD","SOYBEAN","THND_TONNE","A","1990",62.017,
"AUS","CROPYIELD","SOYBEAN","THND_TONNE","A","1991",62.6,
"AUS","CROPYIELD","SOYBEAN","THND_TONNE","A","1992",48.889,
"AUS","CROPYIELD","SOYBEAN","THND_TONNE","A","1993",81.263,
"AUS","CROPYIELD","SOYBEAN","THND_TONNE","A","1994",27.247,
"AUS","CROPYIELD","SOYBEAN","THND_TONNE","A","1995",44.606,
"AUS","CROPYIELD","SOYBEAN","THND_TONNE","A","1996",74.376,
"AUS","CROPYIELD","SOYBEAN","THND_TONNE","A","1997",54.04,
"AUS","CROPYIELD","SOYBEAN","THND_TONNE","A","1998",107.189,
"AUS","CROPYIELD","SOYBEAN","THND_TONNE","A","1999",104.02,
"AUS","CROPYIELD","SOYBEAN","THND_TONNE","A","2000",48.65,
"AUS","CROPYIELD","SOYBEAN","THND_TONNE","A","2001",63.061,
"AUS","CROPYIELD","SOYBEAN","THND_TONNE","A","2002",9.212,
"AUS","CROPYIELD","SOYBEAN","THND_TONNE","A","2003",59.807,
"AUS","CROPYIELD","SOYBEAN","THND_TONNE","A","2004",44.689,
"AUS","CROPYIELD","SOYBEAN","THND_TONNE","A","2005",50.149,
"AUS","CROPYIELD","SOYBEAN","THND_TONNE","A","2006",25.49,
"AUS","CROPYIELD","SOYBEAN","THND_TONNE","A","2007",34.73,
"AUS","CROPYIELD","SOYBEAN","THND_TONNE","A","2008",80.105,
"AUS","CROPYIELD","SOYBEAN","THND_TONNE","A","2009",59.6,
"AUS","CROPYIELD","SOYBEAN","THND_TONNE","A","2010",29.75,
"AUS","CROPYIELD","SOYBEAN","THND_TONNE","A","2011",52.272,
"AUS","CROPYIELD","SOYBEAN","THND_TONNE","A","2012",69.523,
"AUS","CROPYIELD","SOYBEAN","THND_TONNE","A","2013",31.61,
"AUS","CROPYIELD","SOYBEAN","THND_TONNE","A","2014",37.439,
"AUS","CROPYIELD","SOYBEAN","THND_TONNE","A","2015",39.52,
"AUS","CROPYIELD","SOYBEAN","THND_TONNE","A","2016",31.018,
"AUS","CROPYIELD","SOYBEAN","THND_TONNE","A","2017",51.237,
"AUS","CROPYIELD","SOYBEAN","THND_TONNE","A","2018",42.028,
"AUS","CROPYIELD","SOYBEAN","THND_TONNE","A","2019",41.2,
"ARG","CROPYIELD","SOYBEAN","THND_TONNE","A","1990",11500,
"ARG","CROPYIELD","SOYBEAN","THND_TONNE","A","1991",11310,
"ARG","CROPYIELD","SOYBEAN","THND_TONNE","A","1992",11045,
"ARG","CROPYIELD","SOYBEAN","THND_TONNE","A","1993",11720,
"ARG","CROPYIELD","SOYBEAN","THND_TONNE","A","1994",12133,
"ARG","CROPYIELD","SOYBEAN","THND_TONNE","A","1995",12450,
"ARG","CROPYIELD","SOYBEAN","THND_TONNE","A","1996",11000,
"ARG","CROPYIELD","SOYBEAN","THND_TONNE","A","1997",18732,
"ARG","CROPYIELD","SOYBEAN","THND_TONNE","A","1998",20000,
"ARG","CROPYIELD","SOYBEAN","THND_TONNE","A","1999",20200,
"ARG","CROPYIELD","SOYBEAN","THND_TONNE","A","2000",26880,
"ARG","CROPYIELD","SOYBEAN","THND_TONNE","A","2001",30000,
"ARG","CROPYIELD","SOYBEAN","THND_TONNE","A","2002",34706,
"ARG","CROPYIELD","SOYBEAN","THND_TONNE","A","2003",31576,
"ARG","CROPYIELD","SOYBEAN","THND_TONNE","A","2004",38300,
"ARG","CROPYIELD","SOYBEAN","THND_TONNE","A","2005",40537,
"ARG","CROPYIELD","SOYBEAN","THND_TONNE","A","2006",47482,
"ARG","CROPYIELD","SOYBEAN","THND_TONNE","A","2007",46238,
"ARG","CROPYIELD","SOYBEAN","THND_TONNE","A","2008",40000,
"ARG","CROPYIELD","SOYBEAN","THND_TONNE","A","2009",54247,
"ARG","CROPYIELD","SOYBEAN","THND_TONNE","A","2010",48878,
"ARG","CROPYIELD","SOYBEAN","THND_TONNE","A","2011",49000,
"ARG","CROPYIELD","SOYBEAN","THND_TONNE","A","2012",49353,
"ARG","CROPYIELD","SOYBEAN","THND_TONNE","A","2013",53397.72,
"ARG","CROPYIELD","SOYBEAN","THND_TONNE","A","2014",61398.276,
"ARG","CROPYIELD","SOYBEAN","THND_TONNE","A","2015",58799.258,
"ARG","CROPYIELD","SOYBEAN","THND_TONNE","A","2016",54971.626,
"ARG","CROPYIELD","SOYBEAN","THND_TONNE","A","2017",37783.754,
"ARG","CROPYIELD","SOYBEAN","THND_TONNE","A","2018",55263,
"ARG","CROPYIELD","SOYBEAN","THND_TONNE","A","2019",54000,
"JPN","CROPYIELD","SOYBEAN","THND_TONNE","A","1990",220,
"JPN","CROPYIELD","SOYBEAN","THND_TONNE","A","1991",197,
"JPN","CROPYIELD","SOYBEAN","THND_TONNE","A","1992",188,
"JPN","CROPYIELD","SOYBEAN","THND_TONNE","A","1993",101,
"JPN","CROPYIELD","SOYBEAN","THND_TONNE","A","1994",99,
"JPN","CROPYIELD","SOYBEAN","THND_TONNE","A","1995",119,
"JPN","CROPYIELD","SOYBEAN","THND_TONNE","A","1996",148,
"JPN","CROPYIELD","SOYBEAN","THND_TONNE","A","1997",145,
"JPN","CROPYIELD","SOYBEAN","THND_TONNE","A","1998",158,
"JPN","CROPYIELD","SOYBEAN","THND_TONNE","A","1999",187.2,
"JPN","CROPYIELD","SOYBEAN","THND_TONNE","A","2000",235,
"JPN","CROPYIELD","SOYBEAN","THND_TONNE","A","2001",271.4,
"JPN","CROPYIELD","SOYBEAN","THND_TONNE","A","2002",270.2,
"JPN","CROPYIELD","SOYBEAN","THND_TONNE","A","2003",232.2,
"JPN","CROPYIELD","SOYBEAN","THND_TONNE","A","2004",163.2,
"JPN","CROPYIELD","SOYBEAN","THND_TONNE","A","2005",225,
"JPN","CROPYIELD","SOYBEAN","THND_TONNE","A","2006",229.2,
"JPN","CROPYIELD","SOYBEAN","THND_TONNE","A","2007",226.7,
"JPN","CROPYIELD","SOYBEAN","THND_TONNE","A","2008",261.7,
"JPN","CROPYIELD","SOYBEAN","THND_TONNE","A","2009",229.9,
"JPN","CROPYIELD","SOYBEAN","THND_TONNE","A","2010",222.5,
"JPN","CROPYIELD","SOYBEAN","THND_TONNE","A","2011",218.8,
"JPN","CROPYIELD","SOYBEAN","THND_TONNE","A","2012",235.9,
"JPN","CROPYIELD","SOYBEAN","THND_TONNE","A","2013",199.9,
"JPN","CROPYIELD","SOYBEAN","THND_TONNE","A","2014",231.8,
"JPN","CROPYIELD","SOYBEAN","THND_TONNE","A","2015",243.1,
"JPN","CROPYIELD","SOYBEAN","THND_TONNE","A","2016",238,
"JPN","CROPYIELD","SOYBEAN","THND_TONNE","A","2017",253,
"JPN","CROPYIELD","SOYBEAN","THND_TONNE","A","2018",211,
"JPN","CROPYIELD","SOYBEAN","THND_TONNE","A","2019",250.626,
"USA","CROPYIELD","SOYBEAN","THND_TONNE","A","1990",52415.295,
"USA","CROPYIELD","SOYBEAN","THND_TONNE","A","1991",54064.584,
"USA","CROPYIELD","SOYBEAN","THND_TONNE","A","1992",59603.04,
"USA","CROPYIELD","SOYBEAN","THND_TONNE","A","1993",50893.92,
"USA","CROPYIELD","SOYBEAN","THND_TONNE","A","1994",68448.24,
"USA","CROPYIELD","SOYBEAN","THND_TONNE","A","1995",59167.584,
"USA","CROPYIELD","SOYBEAN","THND_TONNE","A","1996",64774.08,
"USA","CROPYIELD","SOYBEAN","THND_TONNE","A","1997",73178.381,
"USA","CROPYIELD","SOYBEAN","THND_TONNE","A","1998",74599.056,
"USA","CROPYIELD","SOYBEAN","THND_TONNE","A","1999",72250.315,
"USA","CROPYIELD","SOYBEAN","THND_TONNE","A","2000",75061.728,
"USA","CROPYIELD","SOYBEAN","THND_TONNE","A","2001",78681.456,
"USA","CROPYIELD","SOYBEAN","THND_TONNE","A","2002",75007.296,
"USA","CROPYIELD","SOYBEAN","THND_TONNE","A","2003",66788.064,
"USA","CROPYIELD","SOYBEAN","THND_TONNE","A","2004",85022.784,
"USA","CROPYIELD","SOYBEAN","THND_TONNE","A","2005",83362.608,
"USA","CROPYIELD","SOYBEAN","THND_TONNE","A","2006",87009.552,
"USA","CROPYIELD","SOYBEAN","THND_TONNE","A","2007",72857.232,
"USA","CROPYIELD","SOYBEAN","THND_TONNE","A","2008",80749.872,
"USA","CROPYIELD","SOYBEAN","THND_TONNE","A","2009",91418.544,
"USA","CROPYIELD","SOYBEAN","THND_TONNE","A","2010",90602.064,
"USA","CROPYIELD","SOYBEAN","THND_TONNE","A","2011",84206.304,
"USA","CROPYIELD","SOYBEAN","THND_TONNE","A","2012",82791.072,
"USA","CROPYIELD","SOYBEAN","THND_TONNE","A","2013",91391.328,
"USA","CROPYIELD","SOYBEAN","THND_TONNE","A","2014",106877.23,
"USA","CROPYIELD","SOYBEAN","THND_TONNE","A","2015",106850.02,
"USA","CROPYIELD","SOYBEAN","THND_TONNE","A","2016",116919.94,
"USA","CROPYIELD","SOYBEAN","THND_TONNE","A","2017",120049.78,
"USA","CROPYIELD","SOYBEAN","THND_TONNE","A","2018",120512.45,
"USA","CROPYIELD","SOYBEAN","THND_TONNE","A","2019",96834.528,
"IDN","CROPYIELD","SOYBEAN","THND_TONNE","A","1990",0,
"IDN","CROPYIELD","SOYBEAN","THND_TONNE","A","1991",1555.45,
"IDN","CROPYIELD","SOYBEAN","THND_TONNE","A","1992",1869.71,
"IDN","CROPYIELD","SOYBEAN","THND_TONNE","A","1993",1708.53,
"IDN","CROPYIELD","SOYBEAN","THND_TONNE","A","1994",1564.85,
"IDN","CROPYIELD","SOYBEAN","THND_TONNE","A","1995",1680.01,
"IDN","CROPYIELD","SOYBEAN","THND_TONNE","A","1996",1517.18,
"IDN","CROPYIELD","SOYBEAN","THND_TONNE","A","1997",1357,
"IDN","CROPYIELD","SOYBEAN","THND_TONNE","A","1998",1382,
"IDN","CROPYIELD","SOYBEAN","THND_TONNE","A","1999",1383,
"IDN","CROPYIELD","SOYBEAN","THND_TONNE","A","2000",1020,
"IDN","CROPYIELD","SOYBEAN","THND_TONNE","A","2001",827,
"IDN","CROPYIELD","SOYBEAN","THND_TONNE","A","2002",672,
"IDN","CROPYIELD","SOYBEAN","THND_TONNE","A","2003",672,
"IDN","CROPYIELD","SOYBEAN","THND_TONNE","A","2004",724,
"IDN","CROPYIELD","SOYBEAN","THND_TONNE","A","2005",808,
"IDN","CROPYIELD","SOYBEAN","THND_TONNE","A","2006",749,
"IDN","CROPYIELD","SOYBEAN","THND_TONNE","A","2007",590,
"IDN","CROPYIELD","SOYBEAN","THND_TONNE","A","2008",777,
"IDN","CROPYIELD","SOYBEAN","THND_TONNE","A","2009",975,
"IDN","CROPYIELD","SOYBEAN","THND_TONNE","A","2010",910,
"IDN","CROPYIELD","SOYBEAN","THND_TONNE","A","2011",851,
"IDN","CROPYIELD","SOYBEAN","THND_TONNE","A","2012",843,
"IDN","CROPYIELD","SOYBEAN","THND_TONNE","A","2013",780,
"IDN","CROPYIELD","SOYBEAN","THND_TONNE","A","2014",963,
"IDN","CROPYIELD","SOYBEAN","THND_TONNE","A","2015",858,
"IDN","CROPYIELD","SOYBEAN","THND_TONNE","A","2016",543,
"IDN","CROPYIELD","SOYBEAN","THND_TONNE","A","2017",600,
"IDN","CROPYIELD","SOYBEAN","THND_TONNE","A","2018",650,
"IDN","CROPYIELD","SOYBEAN","THND_TONNE","A","2019",650,
"KOR","CROPYIELD","SOYBEAN","THND_TONNE","A","1990",232.786,
"KOR","CROPYIELD","SOYBEAN","THND_TONNE","A","1991",183.171,
"KOR","CROPYIELD","SOYBEAN","THND_TONNE","A","1992",175.925,
"KOR","CROPYIELD","SOYBEAN","THND_TONNE","A","1993",170.151,
"KOR","CROPYIELD","SOYBEAN","THND_TONNE","A","1994",154.38,
"KOR","CROPYIELD","SOYBEAN","THND_TONNE","A","1995",159.64,
"KOR","CROPYIELD","SOYBEAN","THND_TONNE","A","1996",160.081,
"KOR","CROPYIELD","SOYBEAN","THND_TONNE","A","1997",156.489,
"KOR","CROPYIELD","SOYBEAN","THND_TONNE","A","1998",140.441,
"KOR","CROPYIELD","SOYBEAN","THND_TONNE","A","1999",116.12,
"KOR","CROPYIELD","SOYBEAN","THND_TONNE","A","2000",113.196,
"KOR","CROPYIELD","SOYBEAN","THND_TONNE","A","2001",117.723,
"KOR","CROPYIELD","SOYBEAN","THND_TONNE","A","2002",115.024,
"KOR","CROPYIELD","SOYBEAN","THND_TONNE","A","2003",105.089,
"KOR","CROPYIELD","SOYBEAN","THND_TONNE","A","2004",138.57,
"KOR","CROPYIELD","SOYBEAN","THND_TONNE","A","2005",183.338,
"KOR","CROPYIELD","SOYBEAN","THND_TONNE","A","2006",156.404,
"KOR","CROPYIELD","SOYBEAN","THND_TONNE","A","2007",114.245,
"KOR","CROPYIELD","SOYBEAN","THND_TONNE","A","2008",132.674,
"KOR","CROPYIELD","SOYBEAN","THND_TONNE","A","2009",139.251,
"KOR","CROPYIELD","SOYBEAN","THND_TONNE","A","2010",105.345,
"KOR","CROPYIELD","SOYBEAN","THND_TONNE","A","2011",129.394,
"KOR","CROPYIELD","SOYBEAN","THND_TONNE","A","2012",122.519,
"KOR","CROPYIELD","SOYBEAN","THND_TONNE","A","2013",154.067,
"KOR","CROPYIELD","SOYBEAN","THND_TONNE","A","2014",139.267,
"KOR","CROPYIELD","SOYBEAN","THND_TONNE","A","2015",103.504,
"KOR","CROPYIELD","SOYBEAN","THND_TONNE","A","2016",75.448,
"KOR","CROPYIELD","SOYBEAN","THND_TONNE","A","2017",85.644,
"KOR","CROPYIELD","SOYBEAN","THND_TONNE","A","2018",89.41,
"KOR","CROPYIELD","SOYBEAN","THND_TONNE","A","2019",92.586,
"COL","CROPYIELD","SOYBEAN","THND_TONNE","A","1990",0,
"COL","CROPYIELD","SOYBEAN","THND_TONNE","A","1991",96.002,
"COL","CROPYIELD","SOYBEAN","THND_TONNE","A","1992",113.212,
"COL","CROPYIELD","SOYBEAN","THND_TONNE","A","1993",109.39,
"COL","CROPYIELD","SOYBEAN","THND_TONNE","A","1994",94.993,
"COL","CROPYIELD","SOYBEAN","THND_TONNE","A","1995",58.103,
"COL","CROPYIELD","SOYBEAN","THND_TONNE","A","1996",90.297,
"COL","CROPYIELD","SOYBEAN","THND_TONNE","A","1997",71.968,
"COL","CROPYIELD","SOYBEAN","THND_TONNE","A","1998",72,
"COL","CROPYIELD","SOYBEAN","THND_TONNE","A","1999",39,
"COL","CROPYIELD","SOYBEAN","THND_TONNE","A","2000",38,
"COL","CROPYIELD","SOYBEAN","THND_TONNE","A","2001",56,
"COL","CROPYIELD","SOYBEAN","THND_TONNE","A","2002",54,
"COL","CROPYIELD","SOYBEAN","THND_TONNE","A","2003",63,
"COL","CROPYIELD","SOYBEAN","THND_TONNE","A","2004",64,
"COL","CROPYIELD","SOYBEAN","THND_TONNE","A","2005",64,
"COL","CROPYIELD","SOYBEAN","THND_TONNE","A","2006",65,
"COL","CROPYIELD","SOYBEAN","THND_TONNE","A","2007",65,
"COL","CROPYIELD","SOYBEAN","THND_TONNE","A","2008",65,
"COL","CROPYIELD","SOYBEAN","THND_TONNE","A","2009",65,
"COL","CROPYIELD","SOYBEAN","THND_TONNE","A","2010",65,
"COL","CROPYIELD","SOYBEAN","THND_TONNE","A","2011",80,
"COL","CROPYIELD","SOYBEAN","THND_TONNE","A","2012",70,
"COL","CROPYIELD","SOYBEAN","THND_TONNE","A","2013",70,
"COL","CROPYIELD","SOYBEAN","THND_TONNE","A","2014",70.362,
"COL","CROPYIELD","SOYBEAN","THND_TONNE","A","2015",70,
"COL","CROPYIELD","SOYBEAN","THND_TONNE","A","2016",70,
"COL","CROPYIELD","SOYBEAN","THND_TONNE","A","2017",70,
"COL","CROPYIELD","SOYBEAN","THND_TONNE","A","2018",70,
"COL","CROPYIELD","SOYBEAN","THND_TONNE","A","2019",70,
"TUR","CROPYIELD","SOYBEAN","THND_TONNE","A","1990",0,
"TUR","CROPYIELD","SOYBEAN","THND_TONNE","A","1991",110,
"TUR","CROPYIELD","SOYBEAN","THND_TONNE","A","1992",95,
"TUR","CROPYIELD","SOYBEAN","THND_TONNE","A","1993",63,
"TUR","CROPYIELD","SOYBEAN","THND_TONNE","A","1994",70,
"TUR","CROPYIELD","SOYBEAN","THND_TONNE","A","1995",75,
"TUR","CROPYIELD","SOYBEAN","THND_TONNE","A","1996",50,
"TUR","CROPYIELD","SOYBEAN","THND_TONNE","A","1997",40,
"TUR","CROPYIELD","SOYBEAN","THND_TONNE","A","1998",57,
"TUR","CROPYIELD","SOYBEAN","THND_TONNE","A","1999",62,
"TUR","CROPYIELD","SOYBEAN","THND_TONNE","A","2000",45,
"TUR","CROPYIELD","SOYBEAN","THND_TONNE","A","2001",54,
"TUR","CROPYIELD","SOYBEAN","THND_TONNE","A","2002",95,
"TUR","CROPYIELD","SOYBEAN","THND_TONNE","A","2003",85,
"TUR","CROPYIELD","SOYBEAN","THND_TONNE","A","2004",50,
"TUR","CROPYIELD","SOYBEAN","THND_TONNE","A","2005",29,
"TUR","CROPYIELD","SOYBEAN","THND_TONNE","A","2006",47,
"TUR","CROPYIELD","SOYBEAN","THND_TONNE","A","2007",31,
"TUR","CROPYIELD","SOYBEAN","THND_TONNE","A","2008",34,
"TUR","CROPYIELD","SOYBEAN","THND_TONNE","A","2009",38,
"TUR","CROPYIELD","SOYBEAN","THND_TONNE","A","2010",87,
"TUR","CROPYIELD","SOYBEAN","THND_TONNE","A","2011",122,
"TUR","CROPYIELD","SOYBEAN","THND_TONNE","A","2012",122,
"TUR","CROPYIELD","SOYBEAN","THND_TONNE","A","2013",180,
"TUR","CROPYIELD","SOYBEAN","THND_TONNE","A","2014",149,
"TUR","CROPYIELD","SOYBEAN","THND_TONNE","A","2015",160,
"TUR","CROPYIELD","SOYBEAN","THND_TONNE","A","2016",164,
"TUR","CROPYIELD","SOYBEAN","THND_TONNE","A","2017",139,
"TUR","CROPYIELD","SOYBEAN","THND_TONNE","A","2018",140,
"TUR","CROPYIELD","SOYBEAN","THND_TONNE","A","2019",140,
"OECD","CROPYIELD","SOYBEAN","THND_TONNE","A","1990",57084.764,
"OECD","CROPYIELD","SOYBEAN","THND_TONNE","A","1991",58819.659,
"OECD","CROPYIELD","SOYBEAN","THND_TONNE","A","1992",63805.342,
"OECD","CROPYIELD","SOYBEAN","THND_TONNE","A","1993",54938.089,
"OECD","CROPYIELD","SOYBEAN","THND_TONNE","A","1994",72949.604,
"OECD","CROPYIELD","SOYBEAN","THND_TONNE","A","1995",63352.807,
"OECD","CROPYIELD","SOYBEAN","THND_TONNE","A","1996",68849,
"OECD","CROPYIELD","SOYBEAN","THND_TONNE","A","1997",78212.933,
"OECD","CROPYIELD","SOYBEAN","THND_TONNE","A","1998",79997.312,
"OECD","CROPYIELD","SOYBEAN","THND_TONNE","A","1999",77210.072,
"OECD","CROPYIELD","SOYBEAN","THND_TONNE","A","2000",79666.674,
"OECD","CROPYIELD","SOYBEAN","THND_TONNE","A","2001",82457.94,
"OECD","CROPYIELD","SOYBEAN","THND_TONNE","A","2002",79147.432,
"OECD","CROPYIELD","SOYBEAN","THND_TONNE","A","2003",70707.166,
"OECD","CROPYIELD","SOYBEAN","THND_TONNE","A","2004",89875.69,
"OECD","CROPYIELD","SOYBEAN","THND_TONNE","A","2005",88581.012,
"OECD","CROPYIELD","SOYBEAN","THND_TONNE","A","2006",92479.459,
"OECD","CROPYIELD","SOYBEAN","THND_TONNE","A","2007",76981.379,
"OECD","CROPYIELD","SOYBEAN","THND_TONNE","A","2008",85585.994,
"OECD","CROPYIELD","SOYBEAN","THND_TONNE","A","2009",96619.319,
"OECD","CROPYIELD","SOYBEAN","THND_TONNE","A","2010",96955.999,
"OECD","CROPYIELD","SOYBEAN","THND_TONNE","A","2011",90730.857,
"OECD","CROPYIELD","SOYBEAN","THND_TONNE","A","2012",89714.377,
"OECD","CROPYIELD","SOYBEAN","THND_TONNE","A","2013",98843.026,
"OECD","CROPYIELD","SOYBEAN","THND_TONNE","A","2014",115776.67,
"OECD","CROPYIELD","SOYBEAN","THND_TONNE","A","2015",116638.71,
"OECD","CROPYIELD","SOYBEAN","THND_TONNE","A","2016",127088.93,
"OECD","CROPYIELD","SOYBEAN","THND_TONNE","A","2017",131475.98,
"OECD","CROPYIELD","SOYBEAN","THND_TONNE","A","2018",131636.13,
"OECD","CROPYIELD","SOYBEAN","THND_TONNE","A","2019",106719.67,
"GBR","CROPYIELD","SOYBEAN","THND_TONNE","A","1990",0,
"GBR","CROPYIELD","SOYBEAN","THND_TONNE","A","1991",0,
"GBR","CROPYIELD","SOYBEAN","THND_TONNE","A","1992",0,
"GBR","CROPYIELD","SOYBEAN","THND_TONNE","A","1993",0,
"GBR","CROPYIELD","SOYBEAN","THND_TONNE","A","1994",0,
"GBR","CROPYIELD","SOYBEAN","THND_TONNE","A","1995",0,
"GBR","CROPYIELD","SOYBEAN","THND_TONNE","A","1996",0,
"GBR","CROPYIELD","SOYBEAN","THND_TONNE","A","1997",0,
"GBR","CROPYIELD","SOYBEAN","THND_TONNE","A","1998",0,
"GBR","CROPYIELD","SOYBEAN","THND_TONNE","A","1999",0,
"GBR","CROPYIELD","SOYBEAN","THND_TONNE","A","2000",0,
"GBR","CROPYIELD","SOYBEAN","THND_TONNE","A","2001",0,
"GBR","CROPYIELD","SOYBEAN","THND_TONNE","A","2002",0,
"GBR","CROPYIELD","SOYBEAN","THND_TONNE","A","2003",0,
"GBR","CROPYIELD","SOYBEAN","THND_TONNE","A","2004",0,
"GBR","CROPYIELD","SOYBEAN","THND_TONNE","A","2005",0,
"GBR","CROPYIELD","SOYBEAN","THND_TONNE","A","2006",0,
"GBR","CROPYIELD","SOYBEAN","THND_TONNE","A","2007",0,
"GBR","CROPYIELD","SOYBEAN","THND_TONNE","A","2008",0,
"GBR","CROPYIELD","SOYBEAN","THND_TONNE","A","2009",0,
"GBR","CROPYIELD","SOYBEAN","THND_TONNE","A","2010",0,
"GBR","CROPYIELD","SOYBEAN","THND_TONNE","A","2011",0,
"GBR","CROPYIELD","SOYBEAN","THND_TONNE","A","2012",0,
"GBR","CROPYIELD","SOYBEAN","THND_TONNE","A","2013",0,
"GBR","CROPYIELD","SOYBEAN","THND_TONNE","A","2014",0,
"GBR","CROPYIELD","SOYBEAN","THND_TONNE","A","2015",0,
"GBR","CROPYIELD","SOYBEAN","THND_TONNE","A","2016",0,
"GBR","CROPYIELD","SOYBEAN","THND_TONNE","A","2017",0,
"GBR","CROPYIELD","SOYBEAN","THND_TONNE","A","2018",0,
"GBR","CROPYIELD","SOYBEAN","THND_TONNE","A","2019",0,
